/*
 * 本文件由 training/export_model.py 自动生成，请勿手工修改。
 *
 * 模型结构 : 3 层卷积 + 全局平均池化 + 全连接(softmax)
 * 输入     : 32 帧 x 40 维 MFCC（已按 NORM_MEAN/NORM_STD 标准化）
 * 量化     : INT8 全量化（输入输出均为 int8）
 * float32 测试集准确率 : 85.07%
 * INT8    测试集准确率 : 84.72%
 */

#ifndef HG_MODEL_DATA_H
#define HG_MODEL_DATA_H

#include <stdint.h>

#define HG_MODEL_N_FRAMES   32
#define HG_MODEL_N_MFCC     40
#define HG_MODEL_N_CLASSES  3

/* 输入张量的量化参数：q = round(x / scale) + zero_point */
#define HG_MODEL_IN_SCALE       0.06698843f
#define HG_MODEL_IN_ZERO_POINT  (7)

/* 输出张量的量化参数（softmax 输出）：p = (q - zero_point) * scale */
#define HG_MODEL_OUT_SCALE      0.00390625f
#define HG_MODEL_OUT_ZERO_POINT (-128)

/* tensor arena 大小。
 * 由导出脚本按中间张量规模推算（上界 33974 B + 算子临时缓冲余量）。
 * 实际占用可在设备启动时读 interpreter->arena_used_bytes() 核对，
 * 确认有余量后再手工调小。 */
#define HG_MODEL_ARENA_BYTES    (23552)

static const char *const HG_MODEL_LABELS[HG_MODEL_N_CLASSES] = { "baby_cry", "glass_break", "knock" };

/* ---- 模型类别序号 -> SoundEvent 枚举值（枚举定义见 config.h） ----
 * 由导出脚本按类别名自动映射，避免手工对照出错。
 * 顺序与 HG_MODEL_LABELS 一致。 */
static const int HG_MODEL_CLASS_EVENT[HG_MODEL_N_CLASSES] = { 2 /*baby_cry*/, 1 /*glass_break*/, 3 /*knock*/ };

/* 特征标准化参数：x_norm = (x - mean) / std */
static const float HG_NORM_MEAN[40] = {
    -265.580475f, -28.264238f, -12.001749f, -6.192394f, -4.938026f, -1.794066f, -1.654063f, 1.790613f,
    -0.743603f, 0.267762f, 0.553429f, 1.618460f, 0.785676f, 0.520109f, -0.597429f, -0.384151f,
    -0.977620f, 0.365088f, 0.384738f, 1.158671f, 0.561624f, 0.579255f, 0.266168f, 0.190551f,
    -0.298098f, -0.160125f, -0.374808f, -0.241169f, 0.203235f, 0.361854f, -0.016659f, 0.076487f,
    0.076369f, -0.036008f, -0.130137f, 0.123343f, -0.111153f, -0.043941f, -0.013919f, 0.042207f,
};

static const float HG_NORM_STD[40] = {
    236.249146f, 42.656982f, 22.665773f, 12.527454f, 11.453005f, 8.525818f, 8.152980f, 7.379984f,
    5.782825f, 6.727302f, 5.867856f, 5.651047f, 5.936030f, 5.433757f, 6.174737f, 6.285675f,
    6.147103f, 6.040966f, 5.704520f, 5.561890f, 4.751088f, 4.162435f, 4.469851f, 4.322440f,
    4.225580f, 4.371328f, 4.050097f, 3.257521f, 3.013008f, 2.929153f, 2.876978f, 3.040689f,
    2.533557f, 2.160669f, 2.215490f, 1.846652f, 1.986467f, 1.624050f, 1.913425f, 1.804885f,
};

/* ---- 模型本体（.tflite flatbuffer） ---- */
const unsigned char g_model_data[] = {
  0x20, 0x00, 0x00, 0x00, 0x54, 0x46, 0x4c, 0x33, 0x00, 0x00, 0x00, 0x00,
  0x14, 0x00, 0x20, 0x00, 0x1c, 0x00, 0x18, 0x00, 0x14, 0x00, 0x10, 0x00,
  0x0c, 0x00, 0x00, 0x00, 0x08, 0x00, 0x04, 0x00, 0x14, 0x00, 0x00, 0x00,
  0x1c, 0x00, 0x00, 0x00, 0x90, 0x00, 0x00, 0x00, 0xe8, 0x00, 0x00, 0x00,
  0x58, 0x37, 0x00, 0x00, 0x68, 0x37, 0x00, 0x00, 0x5c, 0x4d, 0x00, 0x00,
  0x03, 0x00, 0x00, 0x00, 0x01, 0x00, 0x00, 0x00, 0x10, 0x00, 0x00, 0x00,
  0x00, 0x00, 0x0a, 0x00, 0x10, 0x00, 0x0c, 0x00, 0x08, 0x00, 0x04, 0x00,
  0x0a, 0x00, 0x00, 0x00, 0x0c, 0x00, 0x00, 0x00, 0x1c, 0x00, 0x00, 0x00,
  0x3c, 0x00, 0x00, 0x00, 0x0f, 0x00, 0x00, 0x00, 0x73, 0x65, 0x72, 0x76,
  0x69, 0x6e, 0x67, 0x5f, 0x64, 0x65, 0x66, 0x61, 0x75, 0x6c, 0x74, 0x00,
  0x01, 0x00, 0x00, 0x00, 0x04, 0x00, 0x00, 0x00, 0x98, 0xff, 0xff, 0xff,
  0x11, 0x00, 0x00, 0x00, 0x04, 0x00, 0x00, 0x00, 0x08, 0x00, 0x00, 0x00,
  0x6f, 0x75, 0x74, 0x70, 0x75, 0x74, 0x5f, 0x30, 0x00, 0x00, 0x00, 0x00,
  0x01, 0x00, 0x00, 0x00, 0x04, 0x00, 0x00, 0x00, 0x8e, 0xc8, 0xff, 0xff,
  0x04, 0x00, 0x00, 0x00, 0x04, 0x00, 0x00, 0x00, 0x6d, 0x66, 0x63, 0x63,
  0x00, 0x00, 0x00, 0x00, 0x02, 0x00, 0x00, 0x00, 0x34, 0x00, 0x00, 0x00,
  0x04, 0x00, 0x00, 0x00, 0xdc, 0xff, 0xff, 0xff, 0x14, 0x00, 0x00, 0x00,
  0x04, 0x00, 0x00, 0x00, 0x13, 0x00, 0x00, 0x00, 0x43, 0x4f, 0x4e, 0x56,
  0x45, 0x52, 0x53, 0x49, 0x4f, 0x4e, 0x5f, 0x4d, 0x45, 0x54, 0x41, 0x44,
  0x41, 0x54, 0x41, 0x00, 0x08, 0x00, 0x0c, 0x00, 0x08, 0x00, 0x04, 0x00,
  0x08, 0x00, 0x00, 0x00, 0x13, 0x00, 0x00, 0x00, 0x04, 0x00, 0x00, 0x00,
  0x13, 0x00, 0x00, 0x00, 0x6d, 0x69, 0x6e, 0x5f, 0x72, 0x75, 0x6e, 0x74,
  0x69, 0x6d, 0x65, 0x5f, 0x76, 0x65, 0x72, 0x73, 0x69, 0x6f, 0x6e, 0x00,
  0x15, 0x00, 0x00, 0x00, 0x6c, 0x36, 0x00, 0x00, 0x64, 0x36, 0x00, 0x00,
  0x4c, 0x36, 0x00, 0x00, 0x30, 0x36, 0x00, 0x00, 0x90, 0x35, 0x00, 0x00,
  0xc0, 0x34, 0x00, 0x00, 0x30, 0x0c, 0x00, 0x00, 0xc0, 0x0b, 0x00, 0x00,
  0x90, 0x01, 0x00, 0x00, 0x50, 0x01, 0x00, 0x00, 0xd4, 0x00, 0x00, 0x00,
  0xcc, 0x00, 0x00, 0x00, 0xc4, 0x00, 0x00, 0x00, 0xbc, 0x00, 0x00, 0x00,
  0xb4, 0x00, 0x00, 0x00, 0xac, 0x00, 0x00, 0x00, 0xa4, 0x00, 0x00, 0x00,
  0x9c, 0x00, 0x00, 0x00, 0x94, 0x00, 0x00, 0x00, 0x74, 0x00, 0x00, 0x00,
  0x04, 0x00, 0x00, 0x00, 0x56, 0xc9, 0xff, 0xff, 0x04, 0x00, 0x00, 0x00,
  0x60, 0x00, 0x00, 0x00, 0x0c, 0x00, 0x00, 0x00, 0x08, 0x00, 0x0e, 0x00,
  0x08, 0x00, 0x04, 0x00, 0x08, 0x00, 0x00, 0x00, 0x10, 0x00, 0x00, 0x00,
  0x28, 0x00, 0x00, 0x00, 0x00, 0x00, 0x06, 0x00, 0x08, 0x00, 0x04, 0x00,
  0x06, 0x00, 0x00, 0x00, 0x04, 0x00, 0x00, 0x00, 0x01, 0x00, 0x00, 0x00,
  0xeb, 0x03, 0x00, 0x00, 0x0c, 0x00, 0x18, 0x00, 0x14, 0x00, 0x10, 0x00,
  0x0c, 0x00, 0x04, 0x00, 0x0c, 0x00, 0x00, 0x00, 0x0f, 0xc6, 0x3c, 0x2f,
  0x07, 0x7a, 0x75, 0xb3, 0x02, 0x00, 0x00, 0x00, 0x02, 0x00, 0x00, 0x00,
  0x04, 0x00, 0x00, 0x00, 0x06, 0x00, 0x00, 0x00, 0x32, 0x2e, 0x32, 0x31,
  0x2e, 0x30, 0x00, 0x00, 0xc2, 0xc9, 0xff, 0xff, 0x04, 0x00, 0x00, 0x00,
  0x10, 0x00, 0x00, 0x00, 0x31, 0x2e, 0x31, 0x34, 0x2e, 0x30, 0x00, 0x00,
  0x00, 0x00, 0x00, 0x00, 0x00, 0x00, 0x00, 0x00, 0x50, 0xb5, 0xff, 0xff,
  0x54, 0xb5, 0xff, 0xff, 0x58, 0xb5, 0xff, 0xff, 0x5c, 0xb5, 0xff, 0xff,
  0x60, 0xb5, 0xff, 0xff, 0x64, 0xb5, 0xff, 0xff, 0x68, 0xb5, 0xff, 0xff,
  0x6c, 0xb5, 0xff, 0xff, 0xfe, 0xc9, 0xff, 0xff, 0x04, 0x00, 0x00, 0x00,
  0x6c, 0x00, 0x00, 0x00, 0x1e, 0xcb, 0x7f, 0x00, 0x30, 0x4d, 0xb8, 0x6c,
  0x21, 0xbf, 0x24, 0x99, 0x81, 0x31, 0x2d, 0xc2, 0x63, 0x09, 0x03, 0x97,
  0xb5, 0xca, 0x0d, 0x81, 0x39, 0xbd, 0x96, 0xbf, 0xfb, 0x0b, 0xa9, 0x60,
  0x77, 0x1a, 0x7f, 0x74, 0x07, 0x30, 0x15, 0x9b, 0x7f, 0x8c, 0x2e, 0x08,
  0xf2, 0x2e, 0x58, 0x59, 0x3b, 0x7f, 0x61, 0xe9, 0x03, 0x5e, 0xa2, 0x81,
  0xbf, 0xb0, 0x89, 0xe9, 0x5d, 0x5f, 0x5e, 0x90, 0x7f, 0x82, 0xda, 0x37,
  0xb7, 0xd3, 0xfb, 0xf8, 0x50, 0xd9, 0x31, 0x54, 0xc4, 0xce, 0x4d, 0x81,
  0xb2, 0xff, 0x62, 0x98, 0xe6, 0x76, 0x81, 0xf1, 0x3b, 0xb6, 0xb2, 0xff,
  0x6c, 0x0c, 0xa2, 0x7f, 0x3f, 0x93, 0x02, 0x7f, 0x52, 0xf9, 0x7b, 0x5c,
  0x1b, 0x45, 0x22, 0x0b, 0x76, 0xca, 0xff, 0xff, 0x04, 0x00, 0x00, 0x00,
  0x30, 0x00, 0x00, 0x00, 0x96, 0x00, 0x00, 0x00, 0x57, 0xfb, 0xff, 0xff,
  0xab, 0x00, 0x00, 0x00, 0xb3, 0xfe, 0xff, 0xff, 0x73, 0x02, 0x00, 0x00,
  0x52, 0xfd, 0xff, 0xff, 0x8b, 0xfe, 0xff, 0xff, 0x96, 0xff, 0xff, 0xff,
  0xf8, 0xfd, 0xff, 0xff, 0xf3, 0xfa, 0xff, 0xff, 0x17, 0xfc, 0xff, 0xff,
  0x25, 0x00, 0x00, 0x00, 0xb2, 0xca, 0xff, 0xff, 0x04, 0x00, 0x00, 0x00,
  0x20, 0x0a, 0x00, 0x00, 0xee, 0xc6, 0xfe, 0x1f, 0xba, 0x21, 0x4d, 0xfb,
  0xf9, 0x0e, 0x0e, 0x22, 0x03, 0xe9, 0xe2, 0x12, 0xc0, 0x32, 0xca, 0xbb,
  0x3b, 0xeb, 0x17, 0x12, 0xf1, 0x3f, 0x9f, 0xed, 0xe3, 0x31, 0xd1, 0x34,
  0xd6, 0xe0, 0x09, 0x53, 0x0d, 0xe0, 0xd9, 0xfe, 0x1b, 0x2a, 0xd4, 0xf4,
  0x39, 0x6e, 0x3e, 0x00, 0xd2, 0x15, 0x17, 0xed, 0xb1, 0xe9, 0x3d, 0xe6,
  0x5a, 0x1a, 0x0e, 0xca, 0x02, 0x0b, 0x0a, 0x35, 0xcf, 0x32, 0x1c, 0x1c,
  0xbf, 0x99, 0x4a, 0xf7, 0xfd, 0x33, 0x9e, 0xe6, 0xde, 0x3a, 0x0e, 0xe6,
  0xd1, 0x61, 0x2c, 0x39, 0x81, 0x19, 0x04, 0x1e, 0xb0, 0xd7, 0xfe, 0xdd,
  0x30, 0xeb, 0x03, 0x33, 0xcf, 0x4e, 0xb5, 0x45, 0x17, 0x2c, 0x3e, 0xc6,
  0x1d, 0xe0, 0x2f, 0xd8, 0x01, 0xde, 0x28, 0xa7, 0xb8, 0x18, 0x24, 0x10,
  0x28, 0x0a, 0xbe, 0x75, 0x0e, 0x77, 0xc5, 0xde, 0x0f, 0x0c, 0x22, 0x28,
  0xbc, 0xd6, 0x5e, 0xb4, 0xe0, 0xf6, 0xe5, 0x5d, 0xe5, 0xde, 0x19, 0xc6,
  0x09, 0x02, 0xb0, 0x13, 0xb4, 0xff, 0x25, 0x9b, 0xd4, 0xa1, 0x26, 0xf3,
  0x50, 0xf4, 0xe1, 0xfe, 0xf4, 0x69, 0x89, 0x11, 0x2a, 0xb4, 0x3f, 0x5c,
  0x06, 0x8e, 0x5a, 0xcf, 0x41, 0x18, 0xbb, 0x62, 0xdc, 0x32, 0xb0, 0xed,
  0xce, 0x2a, 0xc3, 0x4f, 0xb0, 0x33, 0x49, 0xa9, 0x27, 0x02, 0x3f, 0xed,
  0x38, 0xcf, 0x28, 0xdc, 0x28, 0x68, 0xc4, 0xce, 0xff, 0xca, 0x4b, 0x3d,
  0x81, 0x97, 0x6a, 0xdc, 0xf8, 0x5b, 0x93, 0x6d, 0x28, 0x55, 0xe9, 0x36,
  0xe4, 0x3a, 0x19, 0x0c, 0x16, 0x57, 0xe5, 0x9a, 0xe0, 0xb2, 0x1d, 0x32,
  0xd2, 0x3e, 0x62, 0xaa, 0xac, 0x24, 0xa5, 0x33, 0xa2, 0xcf, 0x18, 0x06,
  0x0b, 0xd0, 0x01, 0x20, 0xee, 0x66, 0xe2, 0x36, 0x00, 0xe8, 0xe3, 0x2c,
  0x9c, 0xe7, 0xc3, 0x1d, 0xef, 0x29, 0x12, 0x2e, 0x0f, 0xa3, 0x07, 0xf3,
  0x43, 0x40, 0x24, 0xd1, 0x2c, 0xf7, 0x1b, 0x18, 0xe8, 0x22, 0xfb, 0xb2,
  0xbc, 0xcd, 0xa5, 0xa7, 0xef, 0x4f, 0xcb, 0x17, 0xc0, 0x04, 0x81, 0x05,
  0xe0, 0x52, 0x4d, 0x0c, 0x07, 0x79, 0x2f, 0xe2, 0x39, 0x2e, 0x36, 0x6e,
  0xf6, 0x0d, 0x31, 0xd3, 0x06, 0x4d, 0xde, 0xee, 0x21, 0x09, 0xc3, 0xe0,
  0x00, 0x2e, 0x1e, 0x45, 0x04, 0x4d, 0xcc, 0xc2, 0xf7, 0x12, 0x92, 0x46,
  0x38, 0x49, 0x57, 0xc3, 0xec, 0xfa, 0x0a, 0xfa, 0xdb, 0x22, 0xf8, 0xca,
  0xac, 0xe4, 0x14, 0x20, 0x1a, 0x1b, 0xd3, 0x27, 0x0d, 0xda, 0xaf, 0x1f,
  0xf4, 0xf6, 0xec, 0x2f, 0x9a, 0xf8, 0xf0, 0xf3, 0x19, 0x06, 0x0b, 0x0c,
  0x4e, 0x40, 0x1c, 0xe9, 0x33, 0xfc, 0xc6, 0x4e, 0xca, 0x3d, 0xfe, 0xd9,
  0x81, 0x42, 0x45, 0x22, 0x0f, 0xbc, 0x40, 0xee, 0xcf, 0x2a, 0xf8, 0x1f,
  0x17, 0x09, 0xbe, 0xf4, 0xf2, 0x2d, 0x1b, 0x07, 0xf0, 0xfc, 0x4d, 0xff,
  0x57, 0xe4, 0x62, 0xd4, 0x25, 0xdc, 0xd4, 0xfe, 0xdd, 0x02, 0xaa, 0xea,
  0x28, 0xd9, 0x03, 0xe8, 0x90, 0x51, 0xee, 0xf9, 0xbb, 0x14, 0xd1, 0xe0,
  0xfc, 0x00, 0x93, 0xec, 0x01, 0xb8, 0xff, 0x1f, 0xc6, 0xee, 0x04, 0x00,
  0xf8, 0xdc, 0x48, 0xc7, 0x4c, 0x99, 0xe9, 0xd1, 0xdf, 0x76, 0x9f, 0xd9,
  0x09, 0x32, 0xd4, 0x38, 0x97, 0x63, 0xd3, 0xd0, 0x18, 0x0c, 0x0f, 0xf7,
  0x01, 0xd6, 0xde, 0xd5, 0x90, 0x41, 0x4e, 0x2f, 0xa1, 0xf9, 0x72, 0xe9,
  0x2c, 0x0b, 0x2f, 0xed, 0xb7, 0xfc, 0x07, 0xef, 0xbf, 0x01, 0xfc, 0xae,
  0x3c, 0x47, 0x21, 0x48, 0xd9, 0x76, 0xfb, 0x47, 0x0f, 0xef, 0x4d, 0xdb,
  0xce, 0xfc, 0x23, 0x98, 0xec, 0xf1, 0xc3, 0x58, 0xcd, 0x39, 0xd0, 0x3b,
  0xed, 0x11, 0x28, 0x10, 0x81, 0x37, 0x59, 0xdb, 0xf9, 0xe9, 0x04, 0x09,
  0x28, 0xcd, 0x0a, 0xb4, 0x25, 0x31, 0xdc, 0x41, 0xef, 0xfe, 0x4d, 0xf1,
  0xbf, 0xa8, 0x28, 0xe9, 0x13, 0xd5, 0xa3, 0x66, 0x4b, 0x5f, 0xc2, 0xdd,
  0x02, 0x73, 0xf2, 0x37, 0x0f, 0x03, 0x1d, 0xb0, 0xff, 0x21, 0x19, 0xce,
  0xec, 0x95, 0xf7, 0xb7, 0xff, 0xd7, 0x64, 0xa2, 0x29, 0x18, 0x28, 0x7f,
  0x37, 0x27, 0x32, 0xda, 0x37, 0x23, 0x08, 0xce, 0x3c, 0x25, 0x2b, 0x2b,
  0x09, 0x4a, 0xd9, 0xc0, 0x46, 0x9e, 0xfc, 0xad, 0xd7, 0xea, 0xe0, 0xf6,
  0x28, 0xb0, 0x00, 0x12, 0x2a, 0xd5, 0x68, 0xc7, 0x5c, 0xf9, 0xe5, 0x0e,
  0x2b, 0x6b, 0x1f, 0xfc, 0x40, 0xde, 0xee, 0xd2, 0xf5, 0x49, 0xe6, 0xdf,
  0x28, 0x2f, 0x0e, 0x29, 0x4a, 0xbd, 0x3a, 0xbc, 0xaf, 0xce, 0x0e, 0xa8,
  0x1a, 0x32, 0xfe, 0xcd, 0x39, 0x37, 0x4a, 0x9f, 0x6d, 0xd9, 0x14, 0x6e,
  0x1d, 0x55, 0xd7, 0xfd, 0xe8, 0x0c, 0x2e, 0xfe, 0x57, 0x4b, 0xf7, 0xe8,
  0xe2, 0xd3, 0xef, 0xb8, 0xc7, 0xf4, 0xf5, 0xa3, 0x3f, 0xe5, 0x16, 0x4b,
  0x3d, 0xd2, 0xfa, 0x52, 0x20, 0x0d, 0xd5, 0xd2, 0xba, 0x9f, 0x46, 0x0a,
  0xc6, 0xe2, 0xd1, 0x91, 0x52, 0x43, 0xf7, 0x16, 0xdc, 0x16, 0x26, 0xc9,
  0x8c, 0xcc, 0xd5, 0xe5, 0xbd, 0x32, 0x2c, 0xeb, 0xe6, 0x01, 0x1f, 0x01,
  0x2d, 0x35, 0x31, 0xf1, 0x30, 0x12, 0xe9, 0x28, 0x25, 0xa3, 0xee, 0x33,
  0xd7, 0x08, 0x39, 0xbc, 0xf0, 0x53, 0xa6, 0x2d, 0x1c, 0x28, 0xcd, 0x29,
  0xe0, 0x2e, 0x0b, 0xec, 0xf4, 0x49, 0x27, 0xea, 0x28, 0xda, 0x46, 0xf6,
  0xff, 0x2f, 0x45, 0x15, 0x39, 0x43, 0x81, 0x19, 0x33, 0x40, 0x2c, 0x0e,
  0x93, 0xf8, 0x2a, 0xf3, 0x1d, 0xf3, 0x09, 0x1c, 0x3e, 0x44, 0xf9, 0x06,
  0x9e, 0x6f, 0x36, 0x04, 0x23, 0xae, 0x33, 0xc2, 0xab, 0x14, 0xcd, 0xcd,
  0x3a, 0xbf, 0x09, 0x19, 0xe5, 0x13, 0xe3, 0x2c, 0x21, 0x37, 0xd1, 0x02,
  0xc5, 0x39, 0xc4, 0x04, 0xde, 0x03, 0xcc, 0x28, 0x23, 0xea, 0xc9, 0xde,
  0x2f, 0x18, 0x4e, 0xc8, 0xe1, 0xd1, 0x01, 0x16, 0xa5, 0x0c, 0xcd, 0xe5,
  0x09, 0xcc, 0xe2, 0x1b, 0x3e, 0x04, 0xf7, 0x06, 0x2c, 0xfe, 0x00, 0x33,
  0x81, 0x32, 0xef, 0x2c, 0x26, 0x08, 0x17, 0xce, 0x21, 0x05, 0xe3, 0xc3,
  0x27, 0x15, 0x5a, 0x12, 0x14, 0xdb, 0x20, 0xe6, 0x0b, 0xf3, 0xee, 0x9d,
  0x21, 0xc4, 0x2f, 0xb5, 0xec, 0xe9, 0xb3, 0x39, 0x25, 0x3f, 0xc5, 0x13,
  0xbb, 0x1e, 0xef, 0x1c, 0x3a, 0xd5, 0xe4, 0x23, 0xff, 0x01, 0x0c, 0xf0,
  0x4f, 0x0a, 0x14, 0xfd, 0xf5, 0x09, 0x0c, 0xcc, 0xc4, 0xff, 0x28, 0xcb,
  0xfd, 0xe7, 0x06, 0x19, 0x22, 0x1f, 0xc5, 0x46, 0xf0, 0x20, 0x05, 0xfe,
  0xe2, 0x2a, 0x0c, 0xf2, 0xaa, 0xf1, 0x2e, 0x05, 0xf2, 0xd1, 0x5a, 0xf5,
  0x70, 0x4d, 0x26, 0x22, 0xba, 0xcc, 0xd3, 0xcb, 0xc6, 0xd0, 0x06, 0xe2,
  0x43, 0x07, 0xe3, 0x1e, 0x02, 0x3f, 0xc6, 0x1a, 0xd3, 0x30, 0x14, 0x0b,
  0xd6, 0x1f, 0x3a, 0xe6, 0xe8, 0xe3, 0x03, 0x4f, 0xe7, 0x44, 0x2d, 0xe8,
  0x17, 0x14, 0x03, 0x30, 0x95, 0xea, 0x12, 0xaa, 0xc4, 0xe6, 0x03, 0xf8,
  0x45, 0x05, 0xc5, 0x0a, 0xd2, 0x34, 0x1d, 0x35, 0xff, 0x1b, 0x25, 0x10,
  0xcd, 0x34, 0x35, 0xcb, 0xb5, 0xce, 0xff, 0xdb, 0x2f, 0xdb, 0x14, 0x14,
  0x7f, 0x1d, 0x12, 0x2b, 0x0d, 0x16, 0x93, 0xe6, 0x17, 0xef, 0xde, 0xb6,
  0x8d, 0xc8, 0x18, 0xfa, 0xb4, 0xd1, 0xdf, 0x2b, 0xff, 0xdd, 0x98, 0xe6,
  0xf2, 0x21, 0x81, 0x12, 0xc7, 0xfe, 0x0f, 0xf1, 0xc7, 0xca, 0xd2, 0xe5,
  0xa4, 0xc8, 0xf0, 0xf9, 0x17, 0x14, 0xfe, 0x0f, 0xff, 0x36, 0x33, 0x2f,
  0x3e, 0xf8, 0x6c, 0x0e, 0xc6, 0x05, 0x09, 0x1a, 0x0a, 0xe7, 0xba, 0xeb,
  0x42, 0x16, 0xb5, 0xe5, 0xd8, 0x3d, 0xac, 0x12, 0x0d, 0xd9, 0x25, 0x02,
  0xc0, 0x0c, 0x39, 0x29, 0x9d, 0x27, 0xe4, 0x22, 0x5d, 0xbf, 0x34, 0x4d,
  0x3b, 0x52, 0x5e, 0xbe, 0x37, 0x31, 0x17, 0x43, 0x2d, 0x2f, 0x28, 0x25,
  0xe9, 0xd2, 0xe1, 0xda, 0x2e, 0x29, 0xd9, 0x3a, 0x00, 0x40, 0xf8, 0x55,
  0xad, 0xfe, 0x27, 0xfa, 0x02, 0x13, 0xd7, 0x06, 0xf9, 0xfc, 0x0f, 0x1a,
  0xab, 0x0e, 0xe8, 0xe7, 0xbe, 0x01, 0xe2, 0x00, 0xe2, 0x03, 0xe5, 0xf5,
  0x08, 0x0a, 0xdb, 0xf2, 0xc7, 0xe5, 0xbb, 0x24, 0xd3, 0xbf, 0xbc, 0xb8,
  0x34, 0xcf, 0x6c, 0xae, 0x3c, 0xc5, 0xd0, 0x00, 0xd9, 0x35, 0x98, 0xf3,
  0xcb, 0x18, 0xd1, 0x6a, 0xac, 0x0b, 0x07, 0xe7, 0x16, 0x5c, 0xfa, 0xe5,
  0x1b, 0x1f, 0x03, 0x36, 0x06, 0x65, 0x35, 0x68, 0xbe, 0x0b, 0x7f, 0xdf,
  0x37, 0x11, 0x44, 0xd8, 0x38, 0xf0, 0x19, 0xfa, 0xb6, 0x3a, 0x04, 0x3a,
  0x3e, 0x1a, 0xa5, 0xe8, 0xe2, 0x51, 0x0b, 0x58, 0xfa, 0x3f, 0xfb, 0xe9,
  0x0b, 0xe2, 0x35, 0xec, 0xc4, 0xbb, 0x47, 0xbd, 0xd4, 0xdf, 0xec, 0xd7,
  0x40, 0x2c, 0xef, 0xee, 0x29, 0xb7, 0x11, 0x52, 0x38, 0x48, 0xd5, 0xf6,
  0xba, 0xe8, 0x02, 0x65, 0xe7, 0x02, 0x09, 0xd1, 0x18, 0xe0, 0xb3, 0xd3,
  0x35, 0xdb, 0x1a, 0x46, 0x25, 0xb0, 0x29, 0x44, 0x34, 0x08, 0xec, 0xfd,
  0xd1, 0x0c, 0x8f, 0x51, 0x60, 0xd4, 0x27, 0x41, 0x48, 0x3f, 0xbc, 0x2c,
  0xb4, 0x06, 0x1c, 0x47, 0x65, 0xd3, 0xad, 0xfd, 0x31, 0xf7, 0xec, 0x34,
  0xdd, 0xc0, 0x30, 0x16, 0xd7, 0xdf, 0xdc, 0x17, 0xdf, 0xe2, 0x01, 0xe4,
  0xb5, 0x10, 0xeb, 0x4c, 0x6a, 0xd8, 0xc3, 0x6f, 0x34, 0x7f, 0x21, 0x25,
  0xb7, 0xdc, 0xe9, 0x20, 0x07, 0xb3, 0xa1, 0x2d, 0x0f, 0x21, 0xda, 0xda,
  0xff, 0xde, 0xf1, 0xf0, 0x59, 0x05, 0x38, 0x2a, 0x2e, 0x3b, 0x1b, 0x2e,
  0x02, 0x58, 0xea, 0x6c, 0xd6, 0xfa, 0x06, 0xe1, 0xfa, 0x12, 0xde, 0xe0,
  0x67, 0x57, 0x33, 0x64, 0xf9, 0xe3, 0xb1, 0xfd, 0xaa, 0xf3, 0x1e, 0x1c,
  0x1a, 0x15, 0xce, 0xf3, 0xea, 0x14, 0xaa, 0xe6, 0xb2, 0xd8, 0x11, 0xb0,
  0x16, 0x9c, 0x13, 0xd2, 0x34, 0xdc, 0xf7, 0x34, 0xf1, 0x00, 0xc7, 0xc6,
  0x57, 0x4d, 0xb3, 0x5f, 0xcd, 0x3c, 0xbf, 0x11, 0x00, 0x06, 0x03, 0xd8,
  0xfa, 0xd5, 0xc2, 0xe0, 0x36, 0x2c, 0xcf, 0x34, 0xdd, 0x11, 0x1b, 0xc9,
  0xbf, 0x0f, 0x1d, 0xfa, 0x29, 0xfe, 0xfe, 0xf1, 0x1d, 0x2b, 0xec, 0xd2,
  0x3d, 0x17, 0x06, 0x0e, 0x17, 0x03, 0xac, 0x35, 0xc9, 0x09, 0xf9, 0xed,
  0xe0, 0x36, 0x2b, 0x1f, 0x39, 0xe2, 0x81, 0x0c, 0xad, 0x23, 0xfb, 0x03,
  0x0f, 0xbb, 0x30, 0x35, 0x3b, 0x2d, 0xf3, 0xe8, 0xd9, 0xaf, 0xd8, 0x0d,
  0x4d, 0x29, 0xcf, 0x4f, 0xc2, 0x71, 0xf5, 0xd2, 0x38, 0xf7, 0x12, 0x23,
  0x1e, 0x62, 0x33, 0xab, 0x70, 0x22, 0xa2, 0xff, 0xc7, 0x12, 0xe8, 0x56,
  0xdd, 0xfd, 0x36, 0x10, 0xd6, 0x79, 0x66, 0xfe, 0x22, 0xd5, 0x01, 0x31,
  0x0b, 0x6b, 0xef, 0x29, 0xdf, 0x77, 0xa8, 0x2e, 0x11, 0xe1, 0xfb, 0x73,
  0x1f, 0xe0, 0x1d, 0x8e, 0x59, 0x6b, 0xae, 0x15, 0xe4, 0x20, 0xa6, 0x30,
  0x11, 0x5d, 0xe6, 0x38, 0xdc, 0x67, 0xea, 0x9f, 0x08, 0x1c, 0x11, 0x6b,
  0x06, 0x33, 0x28, 0x0f, 0xdd, 0x0f, 0xa7, 0xe1, 0x02, 0xe2, 0x21, 0xe8,
  0x81, 0x0c, 0xce, 0x0d, 0x15, 0x29, 0x33, 0xcb, 0xee, 0x49, 0x16, 0xb8,
  0xbf, 0x4e, 0xe5, 0xee, 0xdb, 0xb4, 0x03, 0xb5, 0xa7, 0xe1, 0xfc, 0xd8,
  0x1f, 0xce, 0x05, 0xdf, 0xf1, 0x62, 0x22, 0xcb, 0x64, 0xda, 0xf5, 0x6b,
  0x49, 0x6f, 0x53, 0xe7, 0x01, 0x60, 0xde, 0xda, 0xe3, 0xf8, 0xdb, 0xe2,
  0x26, 0xff, 0xdb, 0xf6, 0xce, 0xdf, 0xde, 0xd4, 0x00, 0xdc, 0xd0, 0xb8,
  0xb3, 0x19, 0xfb, 0xad, 0xf2, 0x02, 0xf1, 0xc6, 0x4d, 0xe0, 0xb0, 0x7f,
  0x0e, 0x48, 0x26, 0x09, 0x12, 0x43, 0xdc, 0xea, 0x0e, 0xd3, 0xe4, 0x3f,
  0xe3, 0x0b, 0x22, 0x08, 0xd5, 0xdc, 0xa2, 0xe8, 0xd5, 0xc1, 0x16, 0xc7,
  0xf0, 0xeb, 0xf6, 0xc7, 0xa5, 0x12, 0x05, 0x9c, 0xff, 0xdb, 0xaa, 0x64,
  0x29, 0x7f, 0xd7, 0xf2, 0xf2, 0xfe, 0x17, 0x2d, 0xda, 0xe8, 0xfe, 0x2a,
  0x16, 0xc2, 0xc5, 0xd6, 0x0e, 0xd9, 0xea, 0xfa, 0xb1, 0x1f, 0xc4, 0x07,
  0x07, 0xe1, 0xf3, 0x2f, 0xd1, 0x28, 0x1d, 0xc3, 0x55, 0xf6, 0xc6, 0x69,
  0x38, 0x7f, 0x03, 0xdc, 0x40, 0x30, 0xea, 0x50, 0x26, 0x25, 0x1a, 0x64,
  0x34, 0x6d, 0x51, 0x22, 0xef, 0xbd, 0xf6, 0xe4, 0xbb, 0xe5, 0xe8, 0x12,
  0x05, 0xd5, 0x28, 0x0c, 0xd8, 0x48, 0xe1, 0xc0, 0x01, 0x89, 0xf2, 0x04,
  0x01, 0x47, 0x29, 0x16, 0x10, 0x46, 0xe1, 0x34, 0x2b, 0x04, 0x1f, 0x49,
  0xd8, 0x33, 0x41, 0xf0, 0xf9, 0xd8, 0xfa, 0xb5, 0xcd, 0xd7, 0xe6, 0xae,
  0xfa, 0xcb, 0xc0, 0xc2, 0x04, 0x35, 0xf2, 0xc9, 0xd0, 0x0d, 0xe8, 0x15,
  0xfb, 0x0f, 0x14, 0xd4, 0x3e, 0xf7, 0xe7, 0xe1, 0xc8, 0xd2, 0xf1, 0xce,
  0xd4, 0x14, 0xd8, 0xc9, 0xd8, 0xaf, 0xe2, 0x01, 0x05, 0xc3, 0xeb, 0x09,
  0xf2, 0x15, 0xee, 0xb3, 0xb0, 0xf1, 0x06, 0xff, 0x2f, 0xe9, 0xd6, 0x20,
  0x27, 0x21, 0x25, 0xf3, 0x42, 0x5e, 0x1f, 0xde, 0x2d, 0xeb, 0xff, 0x1a,
  0xfb, 0x54, 0xf6, 0x09, 0x10, 0xf7, 0x18, 0x94, 0xc3, 0xe8, 0xc0, 0xdc,
  0x0f, 0x04, 0x20, 0x1d, 0x08, 0x25, 0x1b, 0xe7, 0x48, 0xf4, 0x04, 0x5f,
  0xe8, 0x7f, 0x09, 0xb4, 0x03, 0x59, 0xc1, 0xfd, 0x39, 0xf0, 0xc3, 0x3f,
  0xf5, 0x53, 0x13, 0xd7, 0xa8, 0xdf, 0xd5, 0x92, 0xaa, 0xa8, 0xc7, 0x00,
  0xc7, 0xe8, 0xc1, 0x19, 0xc2, 0x30, 0xb6, 0xf0, 0xf9, 0xe6, 0xfd, 0x39,
  0x2c, 0x68, 0x18, 0xc2, 0xf3, 0x33, 0xf8, 0x10, 0xf8, 0x17, 0xcd, 0x3c,
  0xd2, 0x21, 0xe3, 0xf4, 0xf9, 0x33, 0xe3, 0x29, 0x0e, 0x51, 0x0f, 0x2e,
  0xa9, 0xe8, 0x0a, 0x2a, 0xf9, 0x1b, 0x09, 0x2e, 0xcf, 0x3d, 0x66, 0xc2,
  0xf0, 0x12, 0xae, 0x39, 0xdd, 0x2a, 0xdc, 0x00, 0xf3, 0x04, 0x53, 0xf1,
  0x23, 0xd0, 0xe0, 0xc8, 0x1f, 0x01, 0xe6, 0x30, 0x1e, 0x46, 0x5e, 0xe1,
  0x19, 0x17, 0x45, 0xf3, 0xee, 0xa4, 0x53, 0x1c, 0xd1, 0x4c, 0xef, 0xc3,
  0x44, 0x28, 0xc7, 0xe6, 0xd7, 0x6d, 0xe0, 0x31, 0xff, 0xd5, 0x56, 0x26,
  0xe7, 0xe3, 0xfd, 0xb2, 0x41, 0x1f, 0xf6, 0x3c, 0xe0, 0x42, 0x12, 0x26,
  0xdc, 0x1b, 0x3d, 0x55, 0x8a, 0xb4, 0x57, 0x2c, 0xba, 0x1f, 0x7c, 0xe2,
  0x34, 0x40, 0x1d, 0xd8, 0x90, 0xd7, 0x18, 0xd8, 0xcb, 0xb6, 0x7f, 0xdd,
  0x2a, 0x24, 0x62, 0xa8, 0xef, 0x03, 0x24, 0x7a, 0xe6, 0x05, 0x6c, 0xc7,
  0xf9, 0x7a, 0x31, 0x73, 0x0f, 0xc4, 0xe4, 0xf4, 0x21, 0x0a, 0xe6, 0xec,
  0x5e, 0x58, 0xd2, 0x4f, 0x0c, 0x1d, 0xb0, 0xf1, 0xc9, 0xe1, 0xdd, 0xc5,
  0x40, 0xd3, 0x46, 0xde, 0xdf, 0xd5, 0xfb, 0xf2, 0x38, 0x19, 0xe3, 0xcd,
  0x57, 0x60, 0x02, 0x04, 0xd9, 0x1b, 0x3f, 0xe1, 0xb0, 0x23, 0x7f, 0xb4,
  0x62, 0xe7, 0x20, 0x56, 0xfa, 0x32, 0xd3, 0xc5, 0xfc, 0xb9, 0x53, 0xb5,
  0xe3, 0x09, 0xf5, 0xf5, 0x0c, 0x1f, 0xe6, 0x5b, 0xaf, 0x04, 0xef, 0xc9,
  0xed, 0x2c, 0x1c, 0xdc, 0xb6, 0x17, 0xa9, 0x41, 0xae, 0x4f, 0x20, 0x05,
  0x31, 0x12, 0x0a, 0x2e, 0x94, 0x35, 0x8e, 0x3f, 0xc5, 0xf1, 0x4e, 0x00,
  0xd3, 0xba, 0xde, 0x43, 0xc2, 0xf4, 0x05, 0xd4, 0xd0, 0xad, 0x10, 0xba,
  0x43, 0x3d, 0xdb, 0xe9, 0x19, 0x41, 0x30, 0xde, 0xd0, 0x98, 0x2d, 0x32,
  0x09, 0xf9, 0xc5, 0xdc, 0x0f, 0x33, 0xac, 0x5f, 0x19, 0x4d, 0x4c, 0x0a,
  0xa1, 0xd7, 0x04, 0x3d, 0xac, 0x2c, 0xe6, 0x42, 0x06, 0x22, 0x2f, 0x05,
  0x05, 0xed, 0xfa, 0xa6, 0xc4, 0x00, 0x04, 0xe5, 0x05, 0xba, 0xc7, 0xeb,
  0x3b, 0x22, 0x0f, 0x38, 0xde, 0x3d, 0x81, 0x64, 0x0a, 0xf9, 0x30, 0x2c,
  0x32, 0x05, 0x3c, 0x23, 0x49, 0x75, 0xdf, 0xdc, 0xb6, 0x17, 0x4f, 0x05,
  0xdf, 0xfd, 0x4d, 0xd6, 0xe5, 0xcf, 0xc0, 0x0c, 0xf0, 0x10, 0xf4, 0xba,
  0xc1, 0x59, 0xc1, 0x40, 0x25, 0x21, 0xa7, 0xeb, 0x48, 0x1b, 0x1a, 0x2e,
  0x0c, 0x61, 0x52, 0xdb, 0xe4, 0xe0, 0xcc, 0xd0, 0xcd, 0xd6, 0xf0, 0xa4,
  0xec, 0xf4, 0xd3, 0xef, 0x1d, 0xe4, 0x0a, 0x38, 0x3e, 0x39, 0xc9, 0x34,
  0xc4, 0x7f, 0x1f, 0x0d, 0x0c, 0x3a, 0xe7, 0x1e, 0xdc, 0xf0, 0xe7, 0xf7,
  0x1b, 0x2f, 0x0d, 0x27, 0xb3, 0xe5, 0xcb, 0xd6, 0xe2, 0xbe, 0xce, 0xda,
  0x0c, 0xd3, 0x07, 0x09, 0xfa, 0x20, 0x2a, 0x39, 0x34, 0x38, 0x1d, 0xf2,
  0xe1, 0x28, 0x05, 0x32, 0xfe, 0xfe, 0x04, 0xee, 0xf6, 0x19, 0xe5, 0xc9,
  0x11, 0x13, 0x25, 0x34, 0xea, 0xc5, 0xbc, 0xd2, 0xb7, 0xfc, 0xc0, 0x9d,
  0xef, 0xd3, 0x00, 0x09, 0x22, 0x11, 0x03, 0x39, 0xfb, 0x3a, 0xe1, 0x37,
  0xc9, 0x5f, 0x32, 0x13, 0x34, 0x37, 0x1e, 0x1c, 0x23, 0xea, 0xf9, 0xdc,
  0x29, 0x09, 0xf4, 0x35, 0x33, 0x4c, 0x5d, 0x2f, 0x3c, 0x23, 0xfa, 0x7f,
  0x64, 0x77, 0x32, 0xbd, 0x30, 0x2d, 0xd1, 0x3d, 0xe2, 0x06, 0xe9, 0x33,
  0x39, 0x19, 0x63, 0x24, 0xd2, 0x35, 0x32, 0x24, 0xe3, 0x2d, 0xa2, 0xed,
  0x09, 0x4f, 0x11, 0xe1, 0x1a, 0x37, 0xe3, 0xdc, 0x15, 0xde, 0x42, 0x38,
  0x0b, 0x42, 0x2c, 0xcd, 0x43, 0x35, 0xbb, 0xd7, 0x02, 0x26, 0xc0, 0x39,
  0x00, 0xe7, 0x2b, 0x3e, 0x1c, 0x22, 0x30, 0xf8, 0xd2, 0xb5, 0xbf, 0xdc,
  0xdb, 0x24, 0xe6, 0x0f, 0x16, 0xd4, 0xad, 0xe8, 0x2c, 0xc3, 0x1c, 0xdd,
  0xde, 0x52, 0xd0, 0xfd, 0xfe, 0xc6, 0xc1, 0xb1, 0xb4, 0xbb, 0xac, 0xf7,
  0xff, 0xb9, 0x92, 0x43, 0x1e, 0xe2, 0xc7, 0xf0, 0x96, 0xb9, 0x92, 0xcb,
  0x95, 0x02, 0x90, 0x21, 0x82, 0x81, 0xeb, 0x93, 0xc8, 0xb5, 0xa0, 0xe6,
  0x0f, 0x30, 0xdf, 0xbe, 0x20, 0xe0, 0x21, 0x06, 0xbc, 0x18, 0xcd, 0x06,
  0xab, 0x52, 0x31, 0x24, 0xea, 0x33, 0x17, 0xd5, 0xdb, 0xc3, 0x51, 0x0e,
  0x71, 0x54, 0x31, 0xfc, 0xeb, 0xbe, 0xee, 0xf5, 0xa8, 0xf9, 0xff, 0xa9,
  0xe7, 0x1f, 0xcb, 0x24, 0x19, 0xee, 0x38, 0x25, 0xca, 0x18, 0x0c, 0x05,
  0xa4, 0x24, 0xeb, 0x2e, 0x21, 0x39, 0x18, 0xfe, 0xd4, 0x33, 0x39, 0x20,
  0x30, 0xf6, 0xf2, 0x2c, 0xbe, 0xcb, 0xb9, 0xc7, 0xad, 0xc2, 0x02, 0xdc,
  0xce, 0x15, 0xf4, 0x0d, 0x43, 0xd8, 0x28, 0x09, 0xda, 0x2e, 0xcd, 0xc3,
  0xd4, 0x48, 0x2c, 0xf1, 0xe6, 0x25, 0xfa, 0x3d, 0x20, 0x2f, 0xe7, 0x09,
  0x30, 0xec, 0xf9, 0x17, 0x36, 0xd4, 0xcd, 0x3d, 0x1d, 0x41, 0x09, 0x22,
  0x50, 0x4e, 0x05, 0x2f, 0xa0, 0xe6, 0x4b, 0x32, 0x0b, 0xd3, 0x4d, 0xc5,
  0x58, 0x4a, 0xd3, 0x42, 0x8e, 0xe7, 0xd7, 0x10, 0xd9, 0xed, 0x42, 0x3d,
  0xdf, 0xd8, 0x0b, 0xa0, 0xf1, 0xe4, 0x09, 0x66, 0xdb, 0x3f, 0x6a, 0xfa,
  0x12, 0x75, 0xeb, 0x1d, 0x8c, 0x27, 0xd2, 0xf7, 0x0a, 0xea, 0x7f, 0xf1,
  0x65, 0x3e, 0x12, 0xe8, 0xcd, 0x48, 0x11, 0xdf, 0x2c, 0xc3, 0x5e, 0x0b,
  0x13, 0xe4, 0xf6, 0x1f, 0x22, 0x12, 0xc8, 0x7e, 0xa2, 0x3a, 0x34, 0x3a,
  0x07, 0x22, 0x28, 0x02, 0x14, 0xc4, 0x12, 0xee, 0xb1, 0x1c, 0x62, 0xe5,
  0x0d, 0xfd, 0x32, 0x2a, 0x8e, 0xfa, 0xcb, 0x0d, 0xf1, 0x27, 0x37, 0x1b,
  0xfb, 0xc5, 0x50, 0xd5, 0xde, 0xd4, 0xff, 0xff, 0x04, 0x00, 0x00, 0x00,
  0x60, 0x00, 0x00, 0x00, 0x5e, 0xf6, 0xff, 0xff, 0x55, 0xf8, 0xff, 0xff,
  0xf9, 0xf6, 0xff, 0xff, 0xc9, 0xf9, 0xff, 0xff, 0xee, 0xf6, 0xff, 0xff,
  0x58, 0x05, 0x00, 0x00, 0x04, 0xfa, 0xff, 0xff, 0xeb, 0xfc, 0xff, 0xff,
  0x43, 0xfc, 0xff, 0xff, 0x6a, 0xf9, 0xff, 0xff, 0x26, 0xf7, 0xff, 0xff,
  0x25, 0x05, 0x00, 0x00, 0x40, 0xf9, 0xff, 0xff, 0xdf, 0xf7, 0xff, 0xff,
  0x09, 0xff, 0xff, 0xff, 0x05, 0xfa, 0xff, 0xff, 0x95, 0xfb, 0xff, 0xff,
  0xf5, 0xf9, 0xff, 0xff, 0x84, 0xf5, 0xff, 0xff, 0xdf, 0xf7, 0xff, 0xff,
  0xbf, 0xfe, 0xff, 0xff, 0xff, 0xf9, 0xff, 0xff, 0x0a, 0xff, 0xff, 0xff,
  0x77, 0xfa, 0xff, 0xff, 0x4a, 0xd5, 0xff, 0xff, 0x04, 0x00, 0x00, 0x00,
  0x80, 0x28, 0x00, 0x00, 0xe4, 0xff, 0x22, 0xf2, 0xd8, 0xf0, 0x0a, 0x1c,
  0xb4, 0x2f, 0xf3, 0x16, 0x4f, 0x17, 0x1b, 0x7d, 0x17, 0xe2, 0xf1, 0x11,
  0x2d, 0x43, 0xf2, 0xd9, 0xb2, 0xf7, 0x23, 0x08, 0xf1, 0x14, 0x12, 0xf5,
  0xc9, 0x1f, 0xf7, 0x14, 0x09, 0x29, 0x5e, 0x7f, 0x31, 0xfd, 0xf3, 0x2a,
  0xfa, 0x2b, 0xdb, 0x08, 0xd5, 0xd3, 0x07, 0xec, 0xde, 0x14, 0xe2, 0x16,
  0xe0, 0xea, 0xea, 0x0e, 0xd9, 0x1a, 0xfd, 0x3b, 0x0b, 0x00, 0x05, 0xd1,
  0x11, 0x39, 0x19, 0xe5, 0xe4, 0xe4, 0xff, 0xd9, 0xdc, 0x0b, 0x23, 0x0a,
  0xcb, 0x2d, 0xe5, 0xf2, 0x33, 0x44, 0x3b, 0x49, 0x09, 0xc5, 0xd3, 0x03,
  0x1a, 0x33, 0xe4, 0xb9, 0xb7, 0xe2, 0x24, 0x1b, 0xde, 0x13, 0x0e, 0x06,
  0xc1, 0x24, 0xed, 0xf6, 0x2b, 0x24, 0x59, 0x54, 0x4a, 0x0a, 0xeb, 0x01,
  0x21, 0x41, 0xd7, 0xe1, 0xae, 0xe8, 0x05, 0xef, 0xc5, 0x10, 0xda, 0xfe,
  0xac, 0x07, 0xf3, 0x06, 0xed, 0x0d, 0xf2, 0x30, 0x1e, 0xef, 0xc2, 0xf5,
  0x1a, 0x09, 0x1d, 0xe6, 0xd6, 0xe0, 0xe6, 0xcc, 0xdc, 0x05, 0xfa, 0x11,
  0xab, 0x15, 0xf8, 0xd8, 0x5a, 0x09, 0x22, 0x6c, 0x27, 0xb7, 0xfc, 0x19,
  0xf8, 0x27, 0x01, 0xd3, 0xd4, 0x04, 0x1f, 0x0b, 0xea, 0x10, 0x23, 0x0a,
  0xf2, 0x09, 0x00, 0x07, 0x24, 0x13, 0x18, 0x53, 0x26, 0x01, 0xd3, 0x08,
  0x26, 0x3a, 0x06, 0xf2, 0xc1, 0xc7, 0xfa, 0x27, 0xd7, 0x11, 0xe8, 0x33,
  0xd1, 0xf9, 0x0b, 0xe6, 0x1d, 0x18, 0xf6, 0xf6, 0x13, 0x09, 0xd2, 0xe0,
  0x16, 0x17, 0x02, 0x05, 0x00, 0xf3, 0xf3, 0x81, 0xd2, 0x32, 0xf5, 0x36,
  0xe2, 0x25, 0xa6, 0x02, 0x09, 0x04, 0x60, 0x42, 0x2b, 0xb3, 0xf1, 0xf0,
  0x40, 0x3a, 0xf9, 0xc5, 0x17, 0xb8, 0xdf, 0xd3, 0xa0, 0x2a, 0xda, 0x37,
  0xd3, 0xfe, 0x09, 0x2f, 0xfd, 0xd8, 0x4b, 0x48, 0x50, 0x00, 0xf9, 0xd4,
  0x5b, 0x21, 0x11, 0x26, 0x96, 0xca, 0xd1, 0xc3, 0xe0, 0x2d, 0xc4, 0x11,
  0xe0, 0xcd, 0xe5, 0x11, 0xb6, 0xfa, 0xf6, 0xf8, 0xf5, 0xe7, 0xa6, 0xb4,
  0xf3, 0xfc, 0x02, 0x0c, 0xf2, 0xe0, 0x07, 0xa3, 0x04, 0x05, 0x1e, 0x19,
  0x01, 0x09, 0xce, 0xf0, 0x11, 0xef, 0x58, 0x41, 0x2d, 0xb7, 0xff, 0x1a,
  0x59, 0x0f, 0x26, 0xbc, 0xfb, 0xa4, 0xf2, 0xd5, 0xba, 0x3c, 0xd4, 0xf1,
  0xcb, 0x11, 0xe6, 0xff, 0x2a, 0xe6, 0x2e, 0x4e, 0x06, 0x13, 0xd8, 0xe0,
  0x4b, 0x3b, 0x10, 0x1d, 0xbc, 0xe2, 0x01, 0xff, 0xad, 0x0d, 0xf6, 0xf8,
  0xa5, 0xe4, 0xe4, 0xe6, 0xf3, 0xdf, 0x10, 0x03, 0xfe, 0x08, 0xe5, 0xe7,
  0xe9, 0xcc, 0xf5, 0xc4, 0xe5, 0xe2, 0xe2, 0x8d, 0xe2, 0xea, 0x29, 0x2e,
  0xfc, 0xf0, 0x9a, 0x22, 0x2d, 0x0f, 0x36, 0x2a, 0x2e, 0x85, 0xd6, 0x0b,
  0x13, 0x40, 0x23, 0xb9, 0x12, 0xd7, 0x17, 0x15, 0xb0, 0x3d, 0xce, 0x0c,
  0xe5, 0xc6, 0xd8, 0x39, 0x10, 0xe2, 0x5f, 0x20, 0x24, 0x25, 0x1e, 0x01,
  0x55, 0x31, 0xfb, 0x19, 0x95, 0xee, 0xf8, 0xfb, 0xdd, 0xfb, 0xe5, 0xde,
  0xf8, 0xaf, 0x06, 0x0c, 0xda, 0xda, 0xfc, 0x25, 0x16, 0x1d, 0xf1, 0xc4,
  0xe4, 0xe3, 0xeb, 0xc9, 0xff, 0xff, 0xff, 0x81, 0xb1, 0xff, 0x39, 0xda,
  0xc3, 0xef, 0xcf, 0xef, 0x1e, 0x2e, 0x16, 0x58, 0x0e, 0xe3, 0xea, 0x1e,
  0x64, 0x01, 0xeb, 0xa8, 0xf0, 0xb1, 0x21, 0xf1, 0xbd, 0x37, 0xdc, 0xf7,
  0xd5, 0x25, 0x18, 0x22, 0x0f, 0xe4, 0x7a, 0x11, 0x56, 0xd5, 0x24, 0x19,
  0x59, 0x2f, 0x3a, 0x2e, 0xb2, 0xdc, 0xfe, 0x02, 0xc7, 0x54, 0xfa, 0xe0,
  0xb3, 0x26, 0xbb, 0x21, 0xa7, 0xab, 0x05, 0x01, 0xf8, 0x0d, 0x8b, 0xa8,
  0xd1, 0xd1, 0xdc, 0xc8, 0xed, 0xc0, 0xff, 0x95, 0xaf, 0x1c, 0x30, 0x31,
  0x9c, 0x35, 0xcb, 0xc5, 0xf4, 0xce, 0x44, 0x44, 0x1f, 0xd5, 0xea, 0x2e,
  0x01, 0x1f, 0x17, 0xa9, 0xe9, 0xd9, 0x01, 0x23, 0xc8, 0x37, 0x0a, 0x0c,
  0x00, 0x08, 0xf0, 0x4a, 0x27, 0x0e, 0x42, 0x14, 0x3f, 0xf4, 0x26, 0x02,
  0x15, 0x31, 0xf8, 0x19, 0xda, 0xc9, 0xcb, 0x01, 0xf7, 0xf8, 0xf8, 0xd5,
  0xce, 0xcd, 0xaf, 0x36, 0xec, 0xc1, 0x02, 0xf8, 0x07, 0xe4, 0xa8, 0xed,
  0xd5, 0xfe, 0xfe, 0xf8, 0x03, 0xf8, 0x15, 0xd3, 0xb6, 0x45, 0x32, 0x4a,
  0xaf, 0x03, 0xab, 0x2f, 0x0b, 0xd6, 0x3f, 0x43, 0x31, 0xda, 0x05, 0xe7,
  0x6a, 0x3a, 0x0c, 0x98, 0xd0, 0xdf, 0x05, 0xf6, 0xc0, 0x11, 0x04, 0x3d,
  0x14, 0xe8, 0x3d, 0xee, 0xfb, 0x22, 0x36, 0x6a, 0x04, 0x23, 0xfe, 0xf4,
  0x71, 0xee, 0x05, 0xed, 0xa2, 0xce, 0xf2, 0x2e, 0xb0, 0x5b, 0xed, 0x26,
  0x9a, 0xca, 0xc8, 0xe4, 0xc0, 0xcc, 0xb9, 0x3d, 0xd7, 0x02, 0xbd, 0x13,
  0xdd, 0xc7, 0x31, 0x16, 0x1a, 0x3e, 0x28, 0x7f, 0x5b, 0xae, 0x1b, 0x9c,
  0x0c, 0x46, 0x47, 0xe1, 0x12, 0x27, 0xd4, 0x26, 0xf7, 0x24, 0x1d, 0x39,
  0x91, 0x2f, 0xfc, 0x06, 0x44, 0xf6, 0x43, 0x1d, 0xfe, 0xf6, 0x37, 0xca,
  0x1a, 0x12, 0x41, 0xa2, 0x2a, 0x2c, 0x37, 0x7a, 0x12, 0xf9, 0x29, 0x5e,
  0x83, 0x01, 0x18, 0xcf, 0x50, 0xed, 0x53, 0x6c, 0x24, 0xa6, 0x2e, 0x9c,
  0x46, 0x73, 0x72, 0x90, 0xf4, 0x61, 0x5a, 0x25, 0xec, 0x26, 0xee, 0x2e,
  0xd7, 0x76, 0xcc, 0xe9, 0x2a, 0x08, 0xf0, 0x46, 0x62, 0xe3, 0x5f, 0x11,
  0xd7, 0x40, 0x34, 0x04, 0x4a, 0x1a, 0xdc, 0x55, 0x2f, 0xfc, 0x16, 0x7a,
  0xa9, 0x3b, 0xe4, 0xe5, 0x02, 0x3e, 0x2e, 0x6a, 0x70, 0xb9, 0x22, 0xe8,
  0x31, 0x57, 0x61, 0xeb, 0x25, 0x37, 0x41, 0x7c, 0x29, 0xea, 0x1a, 0x3c,
  0x97, 0x40, 0xdd, 0xf6, 0x1f, 0x56, 0x3a, 0x0f, 0x16, 0xd3, 0x69, 0x0f,
  0x0d, 0x51, 0x3d, 0xe6, 0xe5, 0x17, 0x1c, 0x1b, 0x1a, 0x27, 0x42, 0x76,
  0xe7, 0x6a, 0xeb, 0x4e, 0x66, 0x1e, 0x15, 0x45, 0x0b, 0xdd, 0x16, 0xa9,
  0x05, 0x5e, 0x56, 0xfe, 0x29, 0xf9, 0xfd, 0x12, 0xef, 0xda, 0x4d, 0x10,
  0xbd, 0x06, 0xca, 0x1b, 0x34, 0x4e, 0x49, 0x0a, 0x0a, 0xcd, 0xf0, 0xa9,
  0x10, 0x5c, 0x42, 0x97, 0x07, 0x0e, 0xec, 0x5b, 0x44, 0xdb, 0x06, 0x1d,
  0x99, 0x3f, 0xd9, 0xe1, 0xf6, 0xef, 0x46, 0x12, 0x11, 0x0e, 0x37, 0xbc,
  0x57, 0x59, 0x1b, 0xe6, 0x0d, 0x37, 0xe4, 0x34, 0x3c, 0x4f, 0x1d, 0xf8,
  0xfa, 0x4a, 0x26, 0x35, 0x14, 0xd9, 0xad, 0xed, 0x03, 0xdf, 0xa7, 0x1a,
  0x5c, 0xd7, 0x0f, 0xf1, 0x1a, 0xa6, 0xed, 0xb6, 0xf5, 0x15, 0x2b, 0xc0,
  0x4d, 0xc4, 0x70, 0x08, 0x31, 0xf4, 0xf4, 0xed, 0xd1, 0xfa, 0xbf, 0x2f,
  0x3a, 0xd2, 0x0b, 0xf3, 0x32, 0xf9, 0x00, 0xdc, 0xfa, 0x0b, 0x28, 0xc8,
  0x01, 0xcb, 0x61, 0x3a, 0xfa, 0xc1, 0xf1, 0xe5, 0xe3, 0x0a, 0xdc, 0xda,
  0xf6, 0xdf, 0xe9, 0xfe, 0x1f, 0xd4, 0x10, 0xbf, 0x2b, 0x14, 0xd2, 0xc1,
  0xc8, 0xa9, 0x1c, 0x08, 0x2f, 0xaf, 0xde, 0x0f, 0xdf, 0xe6, 0xcb, 0x10,
  0x5c, 0xd3, 0xf7, 0x1a, 0x20, 0xb2, 0xf2, 0xd3, 0xd8, 0x0f, 0x2f, 0xb2,
  0x18, 0xbf, 0x7a, 0x33, 0x1c, 0xe0, 0xfc, 0xdf, 0xca, 0x07, 0xca, 0x37,
  0x1b, 0xb6, 0x13, 0xfe, 0x4a, 0xf5, 0x12, 0xfb, 0x17, 0x20, 0x21, 0xcd,
  0x39, 0x08, 0x7f, 0x0a, 0xfb, 0xcf, 0xf0, 0x05, 0xe7, 0x13, 0xc0, 0xef,
  0xf9, 0xeb, 0x12, 0x08, 0x22, 0xe1, 0x27, 0xc9, 0x27, 0x1b, 0xfe, 0xc8,
  0xc8, 0xa6, 0xf9, 0xd9, 0x37, 0xb0, 0xab, 0xff, 0xe0, 0xf9, 0xd5, 0x36,
  0x51, 0xb2, 0xf2, 0xee, 0x20, 0xaf, 0xe8, 0xe7, 0xc6, 0x16, 0x03, 0xaf,
  0x3e, 0xe6, 0x5c, 0x1e, 0x15, 0xe4, 0xff, 0xe8, 0xf4, 0x0f, 0xc2, 0x25,
  0x30, 0xcb, 0xe8, 0x1f, 0x1f, 0xf8, 0x03, 0xd8, 0x02, 0x04, 0x1d, 0xea,
  0x12, 0xde, 0x59, 0x35, 0xd8, 0xb3, 0xbe, 0x0c, 0xe3, 0x00, 0xc9, 0xe7,
  0xfc, 0xb0, 0xed, 0xdf, 0x0b, 0x06, 0x16, 0xd0, 0x0a, 0x0d, 0xf0, 0x8a,
  0xde, 0xd4, 0x07, 0x11, 0x28, 0xb1, 0xd8, 0x07, 0xc3, 0x01, 0x9b, 0x2d,
  0x48, 0xe8, 0xe5, 0x14, 0x13, 0xb5, 0xf0, 0xc6, 0xdb, 0x0a, 0x19, 0xbf,
  0x4a, 0xb4, 0x61, 0x1f, 0x15, 0xc7, 0xeb, 0xcf, 0xde, 0xf9, 0xfa, 0x3d,
  0x26, 0x01, 0x16, 0xf4, 0x35, 0xd6, 0x30, 0xc2, 0x0a, 0x13, 0x05, 0xd3,
  0x0d, 0xe8, 0x67, 0x24, 0x04, 0xad, 0xd2, 0xc3, 0xee, 0x27, 0xb5, 0xd4,
  0xdf, 0xff, 0xdf, 0xd8, 0x30, 0xe4, 0x06, 0xb6, 0xfb, 0x1a, 0x04, 0xb7,
  0xd8, 0xa8, 0x16, 0xfc, 0x32, 0xdf, 0xb8, 0xe0, 0xcc, 0xdd, 0xab, 0x3a,
  0x5e, 0xd3, 0x0c, 0xf7, 0x1b, 0xc2, 0x05, 0xf4, 0xc3, 0xfd, 0x35, 0xcb,
  0x38, 0xbc, 0x7f, 0x1b, 0x09, 0xcf, 0xf5, 0xc7, 0x04, 0x39, 0xbd, 0x40,
  0x24, 0xc0, 0xe1, 0x2c, 0x33, 0x0b, 0x25, 0xdd, 0xfd, 0x1d, 0x3d, 0xe5,
  0x37, 0xdd, 0x77, 0x1c, 0xe4, 0xc7, 0x01, 0xd7, 0xb6, 0x11, 0xba, 0xc6,
  0xfc, 0xda, 0xf0, 0xe1, 0x2a, 0xfc, 0x17, 0xbe, 0x22, 0xf8, 0x0f, 0x94,
  0xed, 0xc0, 0x35, 0xe1, 0x3b, 0xa9, 0xdb, 0xf4, 0xc1, 0x09, 0xb3, 0xf7,
  0x48, 0xd4, 0xd2, 0xee, 0xfb, 0xba, 0x16, 0xd7, 0xbb, 0xe1, 0x3b, 0xd9,
  0x26, 0xe1, 0x4a, 0x14, 0x14, 0xd3, 0xff, 0xf0, 0xd7, 0x24, 0xb8, 0x2d,
  0x37, 0xbe, 0xc7, 0x27, 0x10, 0x01, 0x28, 0xfb, 0xf2, 0xfd, 0x15, 0xe7,
  0x47, 0x0a, 0x2b, 0x2a, 0xc4, 0xa8, 0xfb, 0xef, 0xa8, 0x28, 0xee, 0x04,
  0xe8, 0xde, 0xe6, 0x01, 0x22, 0xda, 0x2c, 0xf5, 0x0f, 0x0c, 0xdf, 0xc0,
  0xd6, 0xf3, 0x16, 0xfa, 0x7f, 0xfc, 0xe5, 0x18, 0xd0, 0xb1, 0xd7, 0x22,
  0x5e, 0x23, 0x54, 0xd9, 0x49, 0xd7, 0xee, 0xf2, 0xf8, 0x57, 0x34, 0xe4,
  0xd7, 0xe5, 0x2c, 0x50, 0x63, 0xcc, 0xcd, 0xdd, 0x07, 0xb7, 0xf4, 0x00,
  0x6d, 0x42, 0x4f, 0xe7, 0x52, 0xd2, 0xcf, 0xd3, 0xbc, 0x38, 0x3f, 0xc8,
  0xd1, 0x17, 0x63, 0x0b, 0x36, 0xb0, 0xee, 0x13, 0x14, 0xde, 0xf2, 0xf2,
  0x33, 0xfb, 0x32, 0xf1, 0x4c, 0xe4, 0xf0, 0xfb, 0xd2, 0x48, 0x39, 0x00,
  0xb7, 0x30, 0x25, 0x30, 0x64, 0xd6, 0x13, 0x1f, 0x29, 0xaf, 0xef, 0x1e,
  0x7c, 0x32, 0x2f, 0xfd, 0x55, 0x03, 0xf6, 0xf7, 0xd6, 0x39, 0x3d, 0xca,
  0x07, 0x23, 0x7e, 0x20, 0x3c, 0xd6, 0x07, 0x2b, 0x2b, 0xf7, 0xf1, 0xd9,
  0x4a, 0x38, 0x3a, 0xd5, 0x45, 0xd2, 0xe8, 0xbd, 0xca, 0x37, 0x6c, 0xe5,
  0x11, 0x0b, 0x6d, 0x28, 0x12, 0x05, 0xe7, 0x03, 0xdd, 0xef, 0xf5, 0xff,
  0x5c, 0x09, 0x22, 0xd4, 0x7b, 0xe9, 0xdb, 0xf1, 0xcc, 0x36, 0x55, 0xee,
  0xdf, 0xf5, 0x27, 0x11, 0x33, 0xb1, 0x19, 0xe2, 0x17, 0xc0, 0xca, 0xe2,
  0x2b, 0x1b, 0xef, 0xdd, 0x43, 0xe1, 0xb9, 0x97, 0xf5, 0x2e, 0x63, 0xea,
  0xdd, 0xd9, 0x38, 0x23, 0x36, 0xf5, 0xfd, 0xc4, 0xd7, 0xf5, 0xce, 0x08,
  0x29, 0x11, 0xfe, 0xc9, 0x52, 0xd7, 0xf1, 0x93, 0xd5, 0x21, 0x17, 0x09,
  0xf8, 0xa1, 0x3a, 0x36, 0xfb, 0xec, 0x00, 0xfb, 0xee, 0x12, 0xe7, 0xfe,
  0x3c, 0x21, 0x17, 0xff, 0x30, 0x0c, 0x0f, 0xdd, 0xd2, 0x0d, 0x0a, 0xbc,
  0xcc, 0xdb, 0xe4, 0x29, 0x52, 0xa4, 0xcb, 0x24, 0x00, 0xd7, 0xca, 0x19,
  0x69, 0xda, 0x3e, 0xdd, 0xf4, 0xd1, 0xd3, 0xa0, 0xed, 0x25, 0x2f, 0xcb,
  0x39, 0xcc, 0x58, 0x05, 0x23, 0xe2, 0xea, 0xfe, 0x08, 0xf5, 0xcf, 0xfd,
  0x50, 0xdc, 0x29, 0xe7, 0x4a, 0xe1, 0xeb, 0xe2, 0x0f, 0x3c, 0x45, 0xb5,
  0x0b, 0xef, 0x7f, 0x18, 0x07, 0xb5, 0xf5, 0x13, 0xa2, 0x2e, 0xac, 0xd1,
  0xff, 0xfb, 0x20, 0xd1, 0x01, 0xcb, 0xfa, 0xc1, 0x03, 0x10, 0xf0, 0xbf,
  0xdc, 0xbd, 0x24, 0xf1, 0x0c, 0xb9, 0xf8, 0x0e, 0xcc, 0xf3, 0xd6, 0x12,
  0x51, 0xd1, 0x1b, 0xff, 0x0f, 0xbe, 0xaa, 0xc8, 0xe1, 0x40, 0x1d, 0xba,
  0x2a, 0xca, 0x7e, 0x3c, 0x33, 0xb3, 0xef, 0xe9, 0xec, 0xef, 0xf7, 0x21,
  0x5c, 0xf3, 0xed, 0x1e, 0x2b, 0xe7, 0xd6, 0xb7, 0xea, 0x35, 0x1c, 0xba,
  0x3c, 0xd5, 0x6e, 0x44, 0xdd, 0xa0, 0xd2, 0x01, 0xdc, 0x26, 0xdf, 0xcd,
  0x17, 0xec, 0x19, 0xd3, 0x40, 0xd6, 0xf5, 0xd0, 0x01, 0x28, 0x19, 0xc0,
  0xd4, 0xcf, 0x21, 0x01, 0x37, 0xcb, 0xbf, 0x16, 0xc6, 0xf1, 0xa5, 0x0e,
  0x54, 0xd9, 0xf6, 0xf6, 0xf9, 0xb0, 0xd1, 0x9e, 0xc9, 0x1c, 0x28, 0xad,
  0x2d, 0xcc, 0x62, 0xfb, 0x03, 0xb5, 0xd1, 0xe0, 0xfa, 0xf6, 0xd9, 0x30,
  0x41, 0xac, 0xe8, 0xe3, 0x43, 0xeb, 0xe7, 0xba, 0xd4, 0x2f, 0x47, 0xcd,
  0x2b, 0xc2, 0x7a, 0x0c, 0xf1, 0xb0, 0xb8, 0x25, 0xda, 0xff, 0xb8, 0xf0,
  0x0f, 0xdd, 0xea, 0x00, 0x34, 0xd7, 0xfd, 0xc3, 0x0f, 0x14, 0x1a, 0xa4,
  0xda, 0xaf, 0xfd, 0xe7, 0x2c, 0xa8, 0xd0, 0x22, 0xff, 0x09, 0xaa, 0xf6,
  0x34, 0xa6, 0xfe, 0xe5, 0xdd, 0xa3, 0xc2, 0xac, 0xde, 0x14, 0x3d, 0xc0,
  0x4e, 0xd6, 0x61, 0x22, 0x40, 0xd1, 0xbf, 0x06, 0xed, 0x00, 0xe7, 0x24,
  0x39, 0xd3, 0xed, 0xf1, 0x0b, 0xdd, 0x1b, 0xcb, 0xe2, 0x3a, 0x1c, 0xa1,
  0x22, 0xf2, 0x69, 0x0b, 0xeb, 0xb0, 0xeb, 0xc4, 0xb5, 0x24, 0xc8, 0xc0,
  0xec, 0xd5, 0x06, 0xef, 0x14, 0xe6, 0x1c, 0xbd, 0x2a, 0x0f, 0x0d, 0x8a,
  0xcd, 0xab, 0x1b, 0xf6, 0x44, 0xd9, 0xb5, 0x33, 0xef, 0xcb, 0x91, 0x27,
  0x37, 0x93, 0xf8, 0xfb, 0xff, 0xcc, 0xf0, 0xc8, 0xf8, 0x21, 0x16, 0xa4,
  0x41, 0xf3, 0x7f, 0x32, 0x45, 0xd1, 0xed, 0xed, 0xea, 0xf7, 0xc5, 0x32,
  0x40, 0xb0, 0xec, 0x15, 0x57, 0xcc, 0x17, 0xcb, 0x1a, 0x3b, 0x13, 0xcd,
  0x30, 0x08, 0x5c, 0x2f, 0xec, 0xbb, 0xd0, 0x13, 0xe7, 0x29, 0xca, 0x03,
  0x19, 0xc1, 0xf9, 0xfb, 0x21, 0xe1, 0x11, 0xba, 0xf9, 0x16, 0x05, 0x8d,
  0xc0, 0xc4, 0xf1, 0xec, 0x1f, 0xd1, 0xec, 0xf7, 0xdf, 0xfa, 0xb5, 0xff,
  0x4d, 0xb3, 0xf5, 0x05, 0x1a, 0xd3, 0xf8, 0xd7, 0xf4, 0x09, 0x2d, 0xba,
  0x0e, 0xd0, 0x47, 0x42, 0x41, 0xb8, 0xea, 0xdb, 0xf4, 0x0b, 0xc6, 0x43,
  0x34, 0xbc, 0xfa, 0x03, 0x10, 0xda, 0xdf, 0xd4, 0xe5, 0xfa, 0x2c, 0xe8,
  0x41, 0xfa, 0x59, 0x3e, 0xe8, 0xc7, 0xcd, 0x08, 0xa2, 0x0c, 0xba, 0xf0,
  0xf3, 0xc3, 0xef, 0xd8, 0x21, 0xde, 0x31, 0xd3, 0x09, 0xf9, 0xe7, 0xa5,
  0xbe, 0xee, 0x13, 0x09, 0x44, 0xd3, 0xe5, 0x45, 0x1b, 0xb0, 0xf3, 0x0e,
  0x6a, 0x35, 0x3b, 0xd0, 0x57, 0x04, 0xf3, 0xb8, 0xf5, 0x4d, 0x35, 0xfa,
  0xf1, 0x25, 0x4e, 0x2e, 0x2e, 0x00, 0xeb, 0xf1, 0x0d, 0x05, 0xc8, 0xd9,
  0x25, 0x02, 0x39, 0xd6, 0x2c, 0x0e, 0xb9, 0xee, 0xdd, 0x32, 0x28, 0xd2,
  0x03, 0x1b, 0x37, 0x19, 0x26, 0xd6, 0xfd, 0x22, 0x18, 0xff, 0x14, 0xf3,
  0x69, 0x32, 0x11, 0xed, 0x18, 0xf8, 0xe6, 0xda, 0xf0, 0x2b, 0x04, 0x16,
  0xb7, 0xf8, 0xe8, 0x0a, 0x70, 0xf2, 0xee, 0x45, 0x01, 0xe3, 0x13, 0xdc,
  0x36, 0x01, 0x63, 0x00, 0x51, 0xdb, 0xfd, 0xc8, 0xda, 0x3f, 0x7f, 0xf3,
  0x02, 0xf8, 0x63, 0x30, 0x27, 0xcb, 0xe9, 0x38, 0x25, 0xd8, 0x1f, 0x15,
  0x23, 0x28, 0x19, 0xe2, 0x73, 0xff, 0xb6, 0xf1, 0xbe, 0x3c, 0x43, 0xd0,
  0x1d, 0x00, 0x20, 0x15, 0x44, 0xe7, 0xd7, 0x23, 0x27, 0x05, 0x16, 0xc5,
  0x2b, 0x40, 0x46, 0xdc, 0x4d, 0xe2, 0x07, 0xd7, 0xd0, 0x33, 0x49, 0xef,
  0x05, 0x00, 0x18, 0x1e, 0x45, 0xf1, 0x06, 0xfd, 0xd7, 0xd1, 0xc9, 0xc8,
  0x56, 0x01, 0x2e, 0xe9, 0x21, 0xf6, 0xca, 0xb8, 0xfe, 0x04, 0x4b, 0xb7,
  0xdb, 0xf3, 0x14, 0x03, 0x56, 0xfd, 0x03, 0xd8, 0xfa, 0xc9, 0xe8, 0xef,
  0x30, 0x1c, 0xe1, 0xe8, 0x43, 0xdd, 0xcb, 0xd8, 0xf9, 0x3b, 0x40, 0xd3,
  0xec, 0xc9, 0x08, 0x2a, 0x1c, 0xd2, 0xf4, 0x1a, 0x0d, 0xe7, 0x13, 0xe7,
  0x22, 0x20, 0x3b, 0xd3, 0x55, 0xd5, 0xeb, 0xc5, 0x0e, 0x33, 0x3e, 0xd0,
  0xce, 0x0a, 0xfd, 0x31, 0x1f, 0xf5, 0xdd, 0xa0, 0xd8, 0x15, 0xf7, 0xfa,
  0x12, 0xf5, 0x8f, 0x20, 0xec, 0xb0, 0x02, 0xd3, 0xe0, 0xe3, 0xd0, 0xc8,
  0x31, 0xc4, 0x44, 0xf0, 0xec, 0xef, 0x08, 0xd7, 0xd8, 0x1c, 0xfc, 0x20,
  0x23, 0x20, 0xd2, 0x1d, 0x2c, 0x11, 0x41, 0xff, 0x11, 0xe3, 0xec, 0xf2,
  0x2f, 0x2a, 0x64, 0x0b, 0xd4, 0x99, 0xf3, 0xe8, 0xee, 0x29, 0xca, 0xf5,
  0xdf, 0xcc, 0xcd, 0x25, 0x1e, 0xeb, 0xcf, 0xcc, 0xfe, 0x17, 0xe1, 0x81,
  0xd3, 0xb9, 0xee, 0xe2, 0xed, 0xcc, 0xe9, 0xa6, 0xd7, 0xf7, 0xd2, 0x07,
  0x1e, 0xe4, 0xd0, 0x38, 0xf2, 0xd2, 0xdc, 0xb8, 0xc3, 0xc6, 0xf1, 0xee,
  0x35, 0x09, 0x32, 0xec, 0x1e, 0xfa, 0x0f, 0xd0, 0xba, 0x14, 0xe2, 0x19,
  0x10, 0x01, 0xf4, 0x28, 0x3b, 0x05, 0x5a, 0xfa, 0x09, 0x00, 0x0b, 0xf7,
  0x7d, 0x10, 0x69, 0x0a, 0xf2, 0xad, 0xe1, 0xf0, 0xc3, 0x27, 0xc2, 0xe3,
  0xd3, 0xb2, 0xcd, 0x00, 0x11, 0xc3, 0xe6, 0xf0, 0xf3, 0xff, 0xd7, 0x9c,
  0xc6, 0xb8, 0xfe, 0x20, 0xec, 0xe8, 0xc5, 0xe2, 0xea, 0xfe, 0xc1, 0x31,
  0x16, 0xa0, 0xbe, 0x37, 0xf9, 0xd6, 0x00, 0xd4, 0xbf, 0xd2, 0x11, 0xd2,
  0x46, 0x0c, 0x55, 0xf2, 0x03, 0xe2, 0xfd, 0xd9, 0xf6, 0x35, 0xda, 0x48,
  0x23, 0xd8, 0xd9, 0x56, 0x16, 0xea, 0x3d, 0x2d, 0x3b, 0xf5, 0x10, 0x06,
  0x7c, 0x2e, 0x2a, 0x31, 0xe9, 0xde, 0x04, 0xda, 0xcd, 0x15, 0xdd, 0x20,
  0xbe, 0x88, 0xf9, 0x2e, 0xeb, 0xfa, 0xd5, 0xd9, 0xe3, 0x10, 0x03, 0xb2,
  0xe0, 0xab, 0x05, 0xed, 0xe3, 0x1b, 0x17, 0x31, 0x2d, 0xf9, 0x10, 0xe1,
  0xc7, 0x1b, 0x36, 0xdc, 0x2f, 0x28, 0x3d, 0x72, 0x24, 0xf8, 0xe4, 0x1f,
  0xec, 0x28, 0x13, 0xf0, 0xfe, 0xfb, 0x22, 0x21, 0x1c, 0x10, 0x16, 0xe4,
  0xf4, 0x25, 0x0d, 0xf6, 0xec, 0x04, 0x49, 0x7f, 0x41, 0x02, 0x20, 0x30,
  0xcc, 0x3f, 0xd9, 0xe2, 0x0e, 0x1d, 0x30, 0x0e, 0x28, 0xfb, 0x16, 0x04,
  0x02, 0xf9, 0x06, 0xd7, 0xe9, 0x0e, 0x15, 0x23, 0x39, 0xfa, 0x06, 0x39,
  0xf2, 0x36, 0xf8, 0xf0, 0x16, 0x00, 0x03, 0x12, 0x14, 0xdf, 0x12, 0xeb,
  0xc3, 0x16, 0x31, 0xf7, 0x00, 0x20, 0x57, 0x63, 0x21, 0xdf, 0x21, 0x46,
  0x06, 0x2e, 0x05, 0xd9, 0xe3, 0x0f, 0x0e, 0x2a, 0x30, 0xff, 0x13, 0xe3,
  0xeb, 0x1c, 0x18, 0xdb, 0xfe, 0x25, 0x59, 0x3f, 0x2e, 0x0d, 0x05, 0x1f,
  0xeb, 0x31, 0xfc, 0x08, 0xfa, 0xf4, 0x10, 0x06, 0xfb, 0xf3, 0xf4, 0x0c,
  0x14, 0x25, 0x13, 0xf9, 0x02, 0x0b, 0x37, 0x44, 0x01, 0x09, 0xff, 0x18,
  0x18, 0x20, 0x02, 0xeb, 0x1a, 0x16, 0x1d, 0x18, 0x2c, 0x0d, 0x04, 0xee,
  0xed, 0x11, 0x26, 0xeb, 0x14, 0x10, 0x1b, 0x2f, 0x3d, 0xee, 0xee, 0x2d,
  0xf6, 0x1d, 0xe1, 0x0a, 0xd6, 0x18, 0x30, 0x1b, 0x28, 0xf7, 0x04, 0x06,
  0xfe, 0x0e, 0x28, 0xe0, 0x14, 0x1f, 0x59, 0x48, 0x2f, 0xfe, 0x0a, 0x32,
  0xd9, 0x1d, 0x0e, 0xec, 0xfb, 0xfe, 0x1f, 0x05, 0x06, 0xd5, 0x17, 0x1b,
  0x18, 0x19, 0xf5, 0xe8, 0xf9, 0x0a, 0x2b, 0x05, 0x08, 0xe2, 0xe1, 0x0b,
  0x25, 0x36, 0xf0, 0x0f, 0x3b, 0xc0, 0xe8, 0x06, 0xf5, 0xff, 0xc2, 0x1d,
  0x50, 0xd3, 0x1b, 0x02, 0x12, 0xc0, 0xef, 0xb5, 0xc5, 0x1e, 0x16, 0xc8,
  0x44, 0xea, 0x76, 0x18, 0x01, 0xfb, 0xef, 0xde, 0xdd, 0x11, 0xf2, 0xde,
  0x31, 0xfc, 0x17, 0xf8, 0x3d, 0xf0, 0x0c, 0xca, 0x0f, 0x07, 0x17, 0xcb,
  0xe8, 0xfa, 0x0e, 0x09, 0xe2, 0xbc, 0xf1, 0x01, 0xdc, 0xf5, 0xeb, 0xe9,
  0xe9, 0xf8, 0xff, 0xbe, 0xe5, 0xdc, 0x03, 0xe3, 0x15, 0x20, 0xd3, 0xd7,
  0xc4, 0xcc, 0xef, 0x0d, 0x23, 0xd2, 0xd6, 0x0c, 0xd8, 0xf2, 0xe6, 0x16,
  0x49, 0xcc, 0x25, 0x1b, 0x25, 0xb6, 0xf3, 0xc6, 0xf1, 0x1f, 0x26, 0xe9,
  0x30, 0xda, 0x7f, 0x29, 0x23, 0xed, 0xfa, 0xeb, 0xd2, 0xfb, 0xff, 0xe9,
  0x23, 0xe9, 0xfe, 0xf8, 0x40, 0xe8, 0x0d, 0xd8, 0x18, 0x31, 0x0e, 0xc9,
  0xf8, 0xe9, 0x26, 0x0e, 0xf7, 0xc3, 0xef, 0x08, 0xdc, 0x15, 0xd3, 0xe0,
  0x0c, 0xdc, 0x1e, 0xb2, 0x06, 0xd0, 0xf1, 0xf1, 0x08, 0x0d, 0x01, 0xcc,
  0xdf, 0xd8, 0xf4, 0x08, 0x11, 0xd8, 0xe5, 0x10, 0xe0, 0xd5, 0xd7, 0x17,
  0x4a, 0xd8, 0x02, 0x0f, 0x07, 0xd8, 0xea, 0xca, 0xdf, 0x05, 0x29, 0xdb,
  0x30, 0xce, 0x73, 0x1a, 0xfe, 0xf1, 0xf9, 0xe4, 0xeb, 0x08, 0xd5, 0xdb,
  0x1c, 0xe7, 0xec, 0xe6, 0x33, 0xeb, 0x08, 0xdc, 0x01, 0x1d, 0x1a, 0xbd,
  0xf7, 0xef, 0x05, 0xfb, 0xf5, 0xc5, 0xcf, 0x16, 0xc0, 0xfa, 0xbe, 0xee,
  0xed, 0xe5, 0x1f, 0xb9, 0xfa, 0xd7, 0xfe, 0xdd, 0xfd, 0x11, 0x01, 0xe4,
  0xeb, 0xe2, 0x16, 0x12, 0xf1, 0xfc, 0xed, 0x15, 0x0f, 0xff, 0x28, 0x1b,
  0xbb, 0xf3, 0x18, 0xf1, 0x23, 0x24, 0x26, 0x7f, 0x2a, 0xc2, 0xfe, 0xfa,
  0x28, 0x40, 0xef, 0xe4, 0xfd, 0xdb, 0x13, 0x03, 0xf6, 0xfc, 0x11, 0x0f,
  0xe9, 0x1d, 0xfa, 0xdc, 0xf8, 0x28, 0x53, 0x45, 0x3f, 0xec, 0xdf, 0xfc,
  0xf3, 0x3c, 0xfe, 0xe9, 0xdc, 0x14, 0x24, 0x16, 0xe3, 0x09, 0xf2, 0x14,
  0xf3, 0xf7, 0xff, 0x08, 0xf8, 0x23, 0xea, 0x4d, 0x22, 0x17, 0xeb, 0x1f,
  0x43, 0x1a, 0x0a, 0x0e, 0xed, 0x08, 0x18, 0x17, 0x22, 0xf1, 0x1e, 0x08,
  0xe1, 0xf4, 0x2e, 0xfd, 0x23, 0x25, 0x4a, 0x72, 0x27, 0xd5, 0xfa, 0x28,
  0x01, 0x2c, 0x02, 0xdf, 0xe5, 0x15, 0x28, 0x00, 0xec, 0x16, 0x26, 0xf5,
  0xef, 0x0e, 0x11, 0xe6, 0xf2, 0x09, 0x56, 0x49, 0x27, 0x01, 0xd4, 0x0c,
  0xf4, 0x2b, 0xf9, 0xe2, 0xdb, 0xdf, 0x06, 0x28, 0xf4, 0xde, 0xfb, 0x05,
  0xe5, 0x13, 0x27, 0x06, 0xc9, 0x29, 0xf3, 0x38, 0xf1, 0x14, 0xd5, 0xee,
  0x28, 0x12, 0x1a, 0x0f, 0xd5, 0x13, 0x02, 0x37, 0x02, 0xe3, 0x1c, 0xf6,
  0xb1, 0xf2, 0x11, 0xfe, 0x2c, 0x25, 0x54, 0x4b, 0x30, 0xd7, 0xe8, 0x30,
  0xfd, 0x35, 0x14, 0xd8, 0xbe, 0x01, 0x21, 0x07, 0x01, 0x1f, 0x18, 0x07,
  0xce, 0x0e, 0x1c, 0xfb, 0x07, 0x03, 0x37, 0x2c, 0x2d, 0xed, 0xec, 0x20,
  0xf1, 0x1a, 0x09, 0xf9, 0x00, 0xe9, 0x24, 0x19, 0xed, 0x00, 0xff, 0x1a,
  0xe9, 0x11, 0x11, 0xff, 0xe4, 0xf3, 0x0c, 0x22, 0x09, 0xf5, 0xf3, 0x07,
  0x40, 0x0f, 0x30, 0xff, 0xf3, 0xe5, 0x13, 0x9c, 0xce, 0x00, 0x43, 0x40,
  0xda, 0x37, 0x98, 0xfc, 0x4d, 0x0b, 0x60, 0x7a, 0x3e, 0xab, 0xd9, 0x04,
  0x15, 0x20, 0x11, 0x05, 0xea, 0xda, 0xf2, 0xb7, 0xf8, 0x06, 0xfd, 0x1b,
  0x9f, 0x30, 0xf0, 0x30, 0x03, 0x24, 0x71, 0x6d, 0x4d, 0xc6, 0xe8, 0xda,
  0x4a, 0x1b, 0xd5, 0x1c, 0xa1, 0xc8, 0x14, 0xd7, 0xad, 0x2e, 0x05, 0x1c,
  0xaf, 0x05, 0x02, 0xf0, 0xf8, 0x14, 0xe0, 0x1e, 0x3b, 0xe0, 0xdc, 0xe5,
  0x19, 0xf3, 0x0c, 0xd7, 0xba, 0xf2, 0x07, 0x8a, 0xe4, 0xfd, 0x1c, 0x20,
  0xbb, 0x13, 0xe1, 0x1e, 0x0a, 0x3d, 0x26, 0x4b, 0x19, 0xa4, 0xbc, 0xf3,
  0x0b, 0x3b, 0x05, 0xb8, 0xad, 0xb3, 0x1c, 0xb8, 0xb0, 0x10, 0xf9, 0x1f,
  0xde, 0x37, 0xca, 0x08, 0x3a, 0x1c, 0x65, 0x75, 0x56, 0x13, 0xc9, 0xf0,
  0x1d, 0x12, 0xe6, 0xfc, 0x88, 0x9d, 0xed, 0xf0, 0xd6, 0x15, 0xfc, 0x29,
  0xae, 0x07, 0xef, 0x04, 0xeb, 0x05, 0xec, 0x59, 0x25, 0xfb, 0x9d, 0xf7,
  0xef, 0xde, 0x1e, 0x13, 0xb4, 0xfe, 0xe4, 0xa3, 0xfc, 0x1b, 0x27, 0x03,
  0xd0, 0xf6, 0xa6, 0x10, 0x1f, 0x4b, 0x69, 0x44, 0x1f, 0x81, 0xec, 0x06,
  0x3e, 0x46, 0x19, 0x00, 0xc3, 0xbc, 0xed, 0x07, 0xf8, 0x08, 0xe5, 0x18,
  0xdb, 0x01, 0xf4, 0x23, 0x26, 0x3f, 0x4a, 0x2c, 0x29, 0xde, 0xd6, 0x1f,
  0x37, 0x2c, 0x2c, 0x10, 0xc1, 0x97, 0xd7, 0xd8, 0xc1, 0x42, 0x00, 0x13,
  0xb8, 0xb8, 0xf5, 0xf4, 0xfe, 0x12, 0xe5, 0x4c, 0xf2, 0xe8, 0xad, 0xcb,
  0x08, 0x08, 0x15, 0xf9, 0x00, 0xe5, 0x23, 0x9e, 0x02, 0x50, 0x25, 0xd4,
  0xca, 0x04, 0xbc, 0x3a, 0xc6, 0x03, 0x15, 0x29, 0xe7, 0x94, 0xe3, 0x0e,
  0x24, 0x13, 0xfa, 0xd4, 0xb2, 0xe3, 0x03, 0xbf, 0xf7, 0x0e, 0x18, 0x2a,
  0xff, 0xf2, 0xe8, 0xfe, 0x2d, 0x06, 0x4d, 0x3d, 0x44, 0xfc, 0xcf, 0xc7,
  0x52, 0x20, 0x20, 0xd1, 0x88, 0xc3, 0xf2, 0xee, 0x9a, 0x3f, 0xe3, 0x17,
  0xa8, 0xcc, 0x1a, 0x0d, 0xca, 0xcc, 0x06, 0x27, 0x3e, 0xdc, 0xd8, 0x8c,
  0xc2, 0xcf, 0xe0, 0xd6, 0xfc, 0x00, 0xda, 0xc1, 0xbf, 0x0f, 0xe7, 0x35,
  0xff, 0xf3, 0x81, 0x1d, 0x05, 0xe5, 0x45, 0xf1, 0x08, 0xa4, 0xf4, 0xf4,
  0x60, 0x08, 0x30, 0x0a, 0xad, 0xfd, 0x24, 0x09, 0xdf, 0x21, 0xe4, 0x23,
  0xbf, 0xee, 0xd0, 0x56, 0x1b, 0xf9, 0x47, 0x18, 0x49, 0xd0, 0xdc, 0xb1,
  0x6f, 0x41, 0x4f, 0x1d, 0xbb, 0xc4, 0xce, 0xe1, 0x95, 0x16, 0xfe, 0xfc,
  0xa7, 0xf0, 0xcb, 0xfd, 0xbb, 0xd6, 0x2d, 0x3d, 0xec, 0xe3, 0xa4, 0xc5,
  0x17, 0xe5, 0xe6, 0x07, 0x08, 0x29, 0xdb, 0xab, 0xec, 0x32, 0x13, 0x0a,
  0xdb, 0xc2, 0xc0, 0x11, 0x0a, 0xf7, 0x54, 0x0a, 0x10, 0xbc, 0xc9, 0x00,
  0x4c, 0x0d, 0x2f, 0xcb, 0xf2, 0xf7, 0xf6, 0xfc, 0xe2, 0x0e, 0xe5, 0x1e,
  0x0e, 0xaf, 0x03, 0x22, 0xf4, 0xf7, 0x38, 0x4c, 0x4c, 0x0d, 0xdd, 0xef,
  0x31, 0xf2, 0x42, 0x0e, 0xd0, 0xd9, 0xd6, 0x21, 0xaf, 0x0c, 0xd6, 0x39,
  0x9f, 0xda, 0x24, 0x2b, 0xca, 0xbb, 0xe5, 0x0b, 0xf5, 0x27, 0xe6, 0xf0,
  0xf9, 0xdc, 0xe6, 0x27, 0x13, 0x1b, 0x0e, 0x4e, 0x56, 0xc9, 0x2e, 0x03,
  0xee, 0x0e, 0x40, 0xe5, 0x11, 0xe5, 0x5e, 0x6a, 0x3e, 0xc7, 0xf7, 0x36,
  0xcb, 0x4e, 0xf4, 0x03, 0x07, 0x06, 0x3c, 0x07, 0x18, 0xfd, 0xed, 0x0c,
  0xd6, 0x30, 0x2a, 0xd0, 0xd7, 0x19, 0x35, 0x5a, 0x58, 0xcd, 0xdc, 0x4f,
  0xb8, 0x33, 0xde, 0xe6, 0x19, 0x30, 0x35, 0x39, 0xe5, 0xd7, 0x01, 0xf0,
  0x17, 0x2c, 0x24, 0xd6, 0xf5, 0x46, 0x08, 0x60, 0x35, 0xdf, 0x27, 0x2d,
  0x1f, 0x59, 0xf1, 0x1c, 0x1e, 0xf5, 0x27, 0x35, 0x1e, 0xf1, 0x16, 0xd0,
  0xbe, 0x6a, 0x0a, 0xe6, 0x2f, 0x4c, 0x1d, 0x56, 0x0e, 0x06, 0x26, 0x4c,
  0xfe, 0x61, 0x28, 0xc3, 0xfd, 0x39, 0x52, 0x50, 0xfa, 0x11, 0x08, 0x05,
  0x0f, 0x38, 0x3d, 0xf1, 0xe9, 0x38, 0x3a, 0x7f, 0x69, 0x0e, 0x2b, 0x44,
  0xf8, 0x39, 0xe6, 0xd3, 0x19, 0x0a, 0x56, 0x2f, 0x04, 0xcd, 0x11, 0xdf,
  0x11, 0x3e, 0x3f, 0xcc, 0xfa, 0x48, 0x34, 0x34, 0x3f, 0xf1, 0x18, 0x16,
  0x04, 0x48, 0x27, 0x0d, 0x0e, 0xed, 0xe7, 0x39, 0x50, 0xc5, 0xef, 0xd9,
  0x01, 0x17, 0x2c, 0xfd, 0x44, 0xf5, 0x1a, 0x63, 0x0c, 0xe3, 0xe8, 0x1a,
  0xb8, 0x4b, 0x0c, 0x10, 0xe8, 0x3f, 0x13, 0x19, 0x4f, 0x1c, 0x14, 0xc5,
  0xdc, 0xff, 0xfc, 0xeb, 0x21, 0x41, 0x3b, 0x7f, 0x59, 0x0f, 0x11, 0x10,
  0xbc, 0x09, 0xdc, 0x0b, 0x1c, 0x03, 0x3a, 0x3a, 0x01, 0xc3, 0x08, 0xec,
  0x21, 0x41, 0xef, 0xfc, 0xe4, 0x30, 0xf8, 0x31, 0x34, 0xeb, 0x03, 0x27,
  0x20, 0x1c, 0x23, 0x0f, 0x3c, 0x2d, 0xec, 0x60, 0x1f, 0xe2, 0xff, 0xd7,
  0x1e, 0x1d, 0x0b, 0xc7, 0x53, 0x3a, 0x1e, 0x03, 0xda, 0xe7, 0xfc, 0x35,
  0x9a, 0xee, 0xff, 0xeb, 0xe7, 0x4a, 0x0f, 0x1b, 0x3e, 0x02, 0x0e, 0xef,
  0xd5, 0x57, 0xf2, 0xad, 0x27, 0x33, 0xd3, 0x09, 0x06, 0x24, 0xe5, 0x52,
  0xa0, 0x30, 0x1b, 0xe1, 0xec, 0xe8, 0x0d, 0x4c, 0x58, 0x06, 0xe0, 0xd1,
  0x07, 0x31, 0x2c, 0xd9, 0x14, 0x27, 0xe1, 0xf4, 0x2e, 0xf5, 0x14, 0x02,
  0xda, 0x3e, 0xd6, 0x01, 0x30, 0x21, 0x1f, 0x6c, 0x67, 0xb8, 0x5c, 0xcd,
  0x2b, 0x40, 0x38, 0xfa, 0x1d, 0x58, 0x22, 0x11, 0x3b, 0x3d, 0x1d, 0x7f,
  0xab, 0x4d, 0x0d, 0x01, 0x38, 0x1f, 0x4d, 0x24, 0x5e, 0xbf, 0x3d, 0xf3,
  0xf7, 0x2e, 0x0a, 0xed, 0x02, 0x34, 0xe2, 0x50, 0x12, 0x38, 0x34, 0x3a,
  0xc2, 0x44, 0xdb, 0xe2, 0xff, 0x34, 0x42, 0x2d, 0x53, 0xc1, 0x13, 0xe0,
  0x3f, 0x47, 0x6b, 0xd1, 0xd8, 0x5a, 0x34, 0x47, 0x06, 0x16, 0x2d, 0x5e,
  0xf2, 0x7e, 0x19, 0xf5, 0x29, 0x33, 0x28, 0x40, 0x56, 0xa4, 0x04, 0xef,
  0xdb, 0x0e, 0x39, 0xd9, 0x2f, 0x02, 0xc8, 0x04, 0xd9, 0x23, 0x4b, 0x20,
  0xb3, 0xe8, 0xe5, 0x1f, 0x1d, 0xf0, 0x22, 0x35, 0xf9, 0xd4, 0xfe, 0xd6,
  0xdf, 0x19, 0x0f, 0xde, 0x05, 0x3e, 0x2b, 0xfa, 0xdc, 0x1c, 0x03, 0x36,
  0xe1, 0xd9, 0xbf, 0x27, 0x0a, 0x25, 0x42, 0x1e, 0x3d, 0xff, 0x40, 0xfe,
  0x1c, 0x23, 0x07, 0xf9, 0xe8, 0x19, 0x1f, 0x32, 0xd3, 0x25, 0xf0, 0x47,
  0xed, 0x67, 0xe4, 0xf7, 0xef, 0xd1, 0x0c, 0xf5, 0xda, 0x26, 0x31, 0x22,
  0xaf, 0x0a, 0x03, 0xe0, 0x39, 0x19, 0x69, 0x66, 0x45, 0xc3, 0xc9, 0x17,
  0x33, 0x1d, 0x11, 0x02, 0xd8, 0xc2, 0x16, 0xff, 0xbd, 0x1d, 0x0b, 0x24,
  0xc3, 0x22, 0x13, 0xfe, 0x0f, 0x3f, 0x33, 0x45, 0x1d, 0xdf, 0xe4, 0xe1,
  0x3a, 0x0a, 0x06, 0x21, 0xe2, 0xc7, 0xf7, 0xc6, 0xe1, 0x00, 0x11, 0x03,
  0xbd, 0x0e, 0xc0, 0xde, 0xf8, 0xdb, 0x11, 0x42, 0x2f, 0xe3, 0xeb, 0xf2,
  0x16, 0x14, 0x10, 0xe8, 0xd2, 0x0d, 0xff, 0xc4, 0xd7, 0x2b, 0x14, 0x00,
  0xed, 0xf3, 0xe7, 0xd3, 0x3a, 0x12, 0x6a, 0x56, 0x3a, 0xdd, 0xe3, 0x17,
  0x2e, 0x24, 0x01, 0xcd, 0xef, 0xcd, 0x25, 0xdc, 0xc2, 0xfb, 0x01, 0xf9,
  0xbd, 0x09, 0x24, 0xf6, 0x2c, 0x34, 0x2b, 0x57, 0x31, 0xef, 0xf4, 0xea,
  0x3c, 0x2a, 0xe3, 0x26, 0xe3, 0xd4, 0xf1, 0xbc, 0xf5, 0x19, 0x0f, 0xed,
  0xc9, 0x0f, 0xc8, 0xe6, 0xf3, 0xf0, 0xf0, 0x32, 0x1c, 0xe6, 0xe2, 0xe3,
  0xf3, 0xcc, 0x11, 0xdc, 0xd4, 0xed, 0xfa, 0xc5, 0x03, 0xf5, 0x15, 0x00,
  0xc7, 0x12, 0xfa, 0xea, 0x0e, 0x3a, 0x34, 0x7f, 0x40, 0xb5, 0xca, 0x32,
  0x2a, 0x12, 0x11, 0xde, 0xdf, 0xdb, 0x07, 0x14, 0xe9, 0x00, 0xff, 0x07,
  0xd4, 0xee, 0x1b, 0xf8, 0x17, 0x37, 0x25, 0x4a, 0x22, 0xf1, 0xe8, 0xf2,
  0x30, 0xf1, 0x06, 0x0a, 0xd7, 0xaf, 0xe1, 0xa8, 0xc6, 0xe9, 0x03, 0xf9,
  0xbe, 0x00, 0xb6, 0xf4, 0x0b, 0xfa, 0xd1, 0x09, 0x10, 0x07, 0xbd, 0xe2,
  0x11, 0xf0, 0x01, 0x04, 0x23, 0xd4, 0xf3, 0x05, 0xec, 0xf8, 0xe1, 0x0a,
  0x33, 0xd1, 0x19, 0x04, 0x13, 0xc9, 0xd6, 0xdd, 0xe2, 0x05, 0x16, 0xbc,
  0x0e, 0xf5, 0x59, 0x09, 0x23, 0xf4, 0xeb, 0xd8, 0xf8, 0x0a, 0xfd, 0x13,
  0x36, 0xe4, 0x13, 0x03, 0x21, 0xe9, 0xdb, 0xdf, 0x01, 0x0d, 0x32, 0xdc,
  0x0f, 0xf2, 0x65, 0x01, 0xe2, 0xc1, 0xfb, 0xfe, 0xdf, 0x13, 0xcf, 0xf1,
  0xfc, 0xf5, 0x03, 0xdd, 0x1d, 0xf5, 0x1d, 0xef, 0x1f, 0x0e, 0xdb, 0xdb,
  0xc4, 0xb0, 0xfd, 0xf3, 0x26, 0xf3, 0xd5, 0x03, 0xe7, 0xf5, 0xd8, 0x11,
  0x36, 0xcc, 0x16, 0x03, 0x19, 0xc3, 0xd7, 0xdf, 0xcc, 0x22, 0x1e, 0xd1,
  0x1b, 0x15, 0x75, 0x1c, 0x2f, 0xe9, 0xe6, 0xf8, 0xf4, 0x0e, 0xe5, 0x10,
  0x42, 0xdc, 0x0c, 0xfb, 0x2c, 0xeb, 0xdd, 0xd7, 0x02, 0x0b, 0x18, 0xed,
  0x0f, 0x07, 0x7f, 0x07, 0xdb, 0xca, 0xf8, 0x0e, 0xc2, 0x04, 0xda, 0xe8,
  0x19, 0xf1, 0x10, 0xd9, 0x22, 0xf1, 0x16, 0xf5, 0x0f, 0x07, 0xe9, 0xcd,
  0xe8, 0xc0, 0x25, 0x0b, 0x1a, 0xd6, 0xf8, 0xf4, 0xfd, 0xf7, 0xc4, 0x0c,
  0x24, 0xe2, 0x0b, 0x01, 0xea, 0xce, 0xe1, 0xdc, 0xd7, 0xfb, 0x13, 0xbc,
  0x0e, 0xf7, 0x61, 0x02, 0x1c, 0xf4, 0xf8, 0xf6, 0xec, 0x04, 0xf0, 0x0c,
  0x32, 0xdd, 0x01, 0x03, 0x21, 0xf7, 0xe3, 0xd7, 0xec, 0x16, 0x2e, 0xd1,
  0x1d, 0xfe, 0x65, 0x07, 0xff, 0xb8, 0xdd, 0x06, 0xce, 0x0c, 0xdc, 0xe3,
  0x11, 0xe1, 0xf2, 0xf1, 0x08, 0xf4, 0x24, 0xf9, 0x00, 0xfd, 0xfc, 0xdb,
  0xd7, 0xc1, 0x17, 0xff, 0x2b, 0x30, 0x20, 0x6c, 0x06, 0xd6, 0x24, 0xe3,
  0xf0, 0x38, 0x55, 0xb4, 0x0f, 0xed, 0xe3, 0xe6, 0x2d, 0x0b, 0xef, 0x06,
  0xe1, 0xea, 0xf8, 0xfc, 0x0e, 0xf3, 0x11, 0x69, 0x4f, 0xb9, 0xfc, 0xe7,
  0x1e, 0x5d, 0x03, 0xba, 0xdb, 0x26, 0x27, 0x0b, 0xf9, 0x29, 0x29, 0x5c,
  0xd7, 0x2c, 0xca, 0xc2, 0x1e, 0x51, 0x1f, 0x02, 0x49, 0xa5, 0x12, 0xd6,
  0xf9, 0x6c, 0x3d, 0xe4, 0x11, 0x0a, 0x00, 0x4e, 0x0b, 0xeb, 0x27, 0x62,
  0x0e, 0x74, 0x1d, 0xde, 0x41, 0x53, 0x11, 0x7f, 0x35, 0xd7, 0x0f, 0x0a,
  0x19, 0x3d, 0x32, 0xeb, 0x4f, 0xf5, 0x0d, 0x5a, 0xf4, 0xfb, 0x00, 0x7c,
  0xb7, 0x01, 0xf1, 0xfc, 0x42, 0x41, 0x46, 0x26, 0x61, 0xc5, 0x48, 0xf9,
  0xef, 0x39, 0x3f, 0xe0, 0x0c, 0x4c, 0xf0, 0x74, 0x3b, 0x26, 0x06, 0x4d,
  0x97, 0x5a, 0xf2, 0x1c, 0x4d, 0x52, 0x4e, 0x1c, 0x3d, 0x02, 0x0d, 0xd8,
  0x1c, 0x65, 0x6e, 0x00, 0x16, 0x2b, 0x00, 0x2e, 0x32, 0x47, 0x42, 0x43,
  0xf7, 0x61, 0xd2, 0xe8, 0xf4, 0x26, 0x0e, 0x58, 0x07, 0xc3, 0xf4, 0xb3,
  0x1b, 0x40, 0x19, 0xe1, 0x27, 0x37, 0x16, 0x42, 0xdd, 0xc7, 0x38, 0x5b,
  0xf1, 0x31, 0xfc, 0x05, 0xdf, 0x2b, 0x2e, 0x4d, 0x2e, 0xd0, 0xf8, 0xdd,
  0x11, 0xf1, 0x35, 0xda, 0xf1, 0x0b, 0xfb, 0x3a, 0x0a, 0x17, 0x05, 0x60,
  0xb4, 0x12, 0x0a, 0x12, 0xfa, 0x2d, 0x2c, 0x5c, 0xfb, 0xcf, 0x36, 0xfa,
  0x08, 0xf4, 0x10, 0xc0, 0x14, 0x11, 0xfe, 0x02, 0x01, 0xf9, 0x05, 0xfc,
  0xeb, 0x7b, 0x00, 0xe9, 0x11, 0xff, 0xe2, 0xcd, 0x0e, 0x30, 0xaa, 0xed,
  0x12, 0xb8, 0x8d, 0xe9, 0xdd, 0xb2, 0xd5, 0x9b, 0xa3, 0xb4, 0x22, 0xc5,
  0x41, 0xb5, 0x62, 0xd8, 0x23, 0xf7, 0xd9, 0xef, 0xf9, 0x12, 0xee, 0x4c,
  0x1d, 0xde, 0xe6, 0x46, 0x20, 0xef, 0x51, 0x1a, 0x27, 0xdd, 0xf2, 0xf2,
  0x3a, 0x08, 0x5e, 0xfd, 0x13, 0xa9, 0xd0, 0xa7, 0xdc, 0x06, 0xc8, 0x10,
  0xc9, 0xd0, 0xb3, 0x1a, 0xe0, 0xa7, 0xc8, 0xc9, 0xe2, 0x1d, 0xe4, 0x9a,
  0xc2, 0x83, 0xe4, 0x20, 0x0c, 0xdd, 0xd8, 0xfe, 0x0d, 0x1f, 0xd1, 0xec,
  0x0a, 0xaf, 0xab, 0x2f, 0x0b, 0xa3, 0xea, 0xe1, 0xd3, 0xda, 0xfc, 0xce,
  0x4f, 0xca, 0x39, 0x17, 0x3f, 0xe2, 0xdd, 0xfa, 0xe1, 0x00, 0xc3, 0x43,
  0x09, 0xdd, 0xe1, 0x38, 0x54, 0xfd, 0x2c, 0x1d, 0x52, 0xe2, 0x0f, 0x02,
  0x43, 0x4b, 0x7f, 0x2c, 0xd1, 0xa2, 0xe3, 0xe0, 0xa0, 0x56, 0xc7, 0xd8,
  0xe8, 0x9e, 0xb7, 0x0c, 0xec, 0xdb, 0xf4, 0xcc, 0x06, 0xf3, 0x13, 0x8e,
  0x06, 0xc6, 0x2e, 0xe0, 0x4d, 0x12, 0x01, 0x02, 0xc0, 0x37, 0xb4, 0x1b,
  0xf9, 0xa0, 0xbb, 0x2e, 0xe1, 0xe1, 0xbb, 0xae, 0xfd, 0xc7, 0x14, 0xdd,
  0x0e, 0xd9, 0x75, 0xf9, 0x06, 0xf4, 0x15, 0xe0, 0x12, 0x41, 0xb3, 0x4a,
  0x0a, 0xf2, 0x15, 0x33, 0x18, 0x26, 0x29, 0x38, 0xee, 0x31, 0xe7, 0xf7,
  0x58, 0x05, 0x34, 0xf1, 0xd9, 0xbd, 0xee, 0x06, 0xfe, 0x28, 0xcf, 0xe1,
  0xc6, 0xac, 0xc7, 0x1b, 0x17, 0x1a, 0x08, 0xd2, 0x11, 0xf9, 0xdf, 0xe2,
  0x0d, 0xfa, 0x1d, 0x0a, 0xec, 0x3f, 0xf4, 0xec, 0x32, 0xcb, 0x26, 0x43,
  0xb7, 0xe6, 0xe2, 0x22, 0x1c, 0x0c, 0xb8, 0xf8, 0xbe, 0xf9, 0x11, 0xfa,
  0xf4, 0x4b, 0xb0, 0x11, 0xc2, 0xe6, 0xf1, 0xf3, 0xe0, 0x35, 0x3c, 0x20,
  0xc3, 0x02, 0x26, 0xf3, 0x21, 0x49, 0x76, 0x63, 0x34, 0xd1, 0xd8, 0x13,
  0x2b, 0x2e, 0xb9, 0xcf, 0x24, 0x9c, 0xd7, 0x27, 0xb7, 0xfb, 0xbb, 0xf7,
  0x95, 0xd7, 0x1d, 0x0d, 0x98, 0xeb, 0xd9, 0xec, 0xe8, 0x5b, 0x15, 0x90,
  0x23, 0x19, 0x16, 0x38, 0xd4, 0x41, 0x1a, 0xe0, 0x18, 0xc3, 0x27, 0xfe,
  0xd1, 0xf2, 0xc4, 0x0d, 0x0f, 0x11, 0x8d, 0xee, 0xbe, 0xd9, 0xf8, 0x04,
  0xbb, 0x15, 0xa0, 0xed, 0xb1, 0xdb, 0xfa, 0x09, 0xf6, 0x13, 0x0f, 0xed,
  0xd7, 0x21, 0x15, 0xf9, 0x0b, 0x34, 0x78, 0x6e, 0x4d, 0xb9, 0xf5, 0x37,
  0x07, 0x31, 0xd6, 0xbd, 0x1a, 0xc9, 0xe3, 0x1b, 0xad, 0x18, 0xda, 0x15,
  0x96, 0xe5, 0x06, 0xe2, 0xbe, 0xcf, 0xea, 0x07, 0xd3, 0x43, 0x13, 0xa7,
  0x31, 0xf6, 0xed, 0x21, 0xe7, 0x44, 0x2f, 0xe9, 0xdd, 0xba, 0x18, 0xec,
  0xc5, 0xd1, 0xc2, 0x0f, 0x2a, 0xf8, 0x98, 0xc6, 0xe1, 0xfd, 0xde, 0x03,
  0x81, 0x18, 0x95, 0x01, 0x82, 0xe9, 0x05, 0x0f, 0x05, 0x30, 0x35, 0x10,
  0xd2, 0x01, 0x1e, 0xec, 0x32, 0x25, 0x62, 0x61, 0x1f, 0xdb, 0xdd, 0x19,
  0x11, 0x16, 0xc1, 0xdc, 0x1d, 0xb0, 0xd7, 0x32, 0xc1, 0x23, 0xcb, 0x09,
  0x95, 0xc9, 0x0e, 0xe2, 0xc4, 0xf3, 0xe4, 0xf7, 0xef, 0x5a, 0x34, 0xa7,
  0x13, 0xfe, 0x17, 0x4a, 0xcb, 0x20, 0x1f, 0xf6, 0x0e, 0xed, 0x35, 0x14,
  0xc6, 0x18, 0xea, 0xf3, 0x3c, 0x30, 0x4a, 0x5b, 0x33, 0xca, 0xf2, 0x3a,
  0x2a, 0x2a, 0xdf, 0xce, 0xb4, 0x18, 0x1b, 0xe6, 0xe0, 0x04, 0x01, 0xff,
  0xdf, 0x12, 0xf9, 0xf2, 0x29, 0x30, 0x5f, 0x7f, 0x18, 0xf2, 0xf6, 0x22,
  0x07, 0x3c, 0x0f, 0xea, 0xfb, 0xeb, 0x1a, 0x44, 0xd2, 0xdd, 0xde, 0x12,
  0xf4, 0xfb, 0x09, 0xfe, 0xe1, 0x19, 0xf1, 0x3f, 0x13, 0xfb, 0xeb, 0xf5,
  0x19, 0xfb, 0x00, 0x07, 0xd2, 0x1e, 0x16, 0xf9, 0xea, 0x0c, 0x2d, 0xfa,
  0xb7, 0xfc, 0x06, 0xe4, 0x26, 0x28, 0x5a, 0x69, 0x26, 0xce, 0xe4, 0x2f,
  0x0a, 0x34, 0x08, 0xeb, 0xd3, 0xf0, 0x1b, 0xe6, 0xe4, 0x21, 0x2b, 0xe6,
  0xcf, 0x06, 0x14, 0xe7, 0x0d, 0x2e, 0x51, 0x50, 0x3b, 0xd4, 0xcb, 0x02,
  0xfc, 0x17, 0xfc, 0x00, 0xcd, 0xd2, 0xf3, 0x16, 0x00, 0xfd, 0xe2, 0x01,
  0xd7, 0xd6, 0x2a, 0xfb, 0xe7, 0x06, 0x05, 0x28, 0x1d, 0x19, 0xee, 0x01,
  0x22, 0xec, 0x13, 0xea, 0xf6, 0xf7, 0x20, 0x09, 0x0c, 0xeb, 0x0f, 0xfd,
  0xd0, 0x10, 0xfe, 0xef, 0x50, 0x30, 0x35, 0x69, 0x13, 0xc2, 0xcb, 0xfd,
  0x0d, 0xfa, 0x00, 0xdd, 0xa6, 0xf3, 0x0f, 0x05, 0x02, 0x21, 0xfe, 0x14,
  0xe0, 0x17, 0xf2, 0xe6, 0x15, 0x26, 0x2f, 0x36, 0x18, 0xf7, 0xd9, 0xff,
  0x19, 0x2d, 0x1d, 0xe5, 0xd5, 0xcc, 0xf5, 0x30, 0xf0, 0xff, 0x0e, 0x24,
  0xdd, 0xef, 0x2a, 0x10, 0x06, 0xef, 0xf4, 0x08, 0x05, 0x1b, 0xec, 0xee,
  0x1f, 0xff, 0x11, 0x1f, 0x1d, 0x0b, 0x0d, 0xe1, 0xde, 0x40, 0x1a, 0x4c,
  0xde, 0xbb, 0xef, 0xfd, 0x01, 0x09, 0x3b, 0x2d, 0xfa, 0xc1, 0xfa, 0xba,
  0x52, 0xff, 0xf5, 0xb9, 0xec, 0xbc, 0x08, 0xe7, 0xab, 0x20, 0x13, 0x17,
  0xf6, 0xe5, 0xe6, 0x10, 0xf1, 0xcd, 0x44, 0x0b, 0x37, 0x1c, 0xbf, 0x8f,
  0x3c, 0xac, 0x09, 0x23, 0xc5, 0x04, 0xad, 0xed, 0xbb, 0x36, 0xe5, 0xf4,
  0xac, 0xba, 0xd5, 0x0f, 0xe6, 0xf2, 0x00, 0x05, 0xd0, 0x07, 0xc9, 0xe4,
  0xf6, 0xd7, 0xf6, 0x00, 0x05, 0x14, 0xf5, 0x00, 0xcc, 0x37, 0x11, 0x03,
  0xcb, 0xed, 0xaa, 0xff, 0xe6, 0xe5, 0x74, 0x15, 0x0a, 0x00, 0x06, 0xe8,
  0x75, 0x1b, 0x43, 0xd4, 0x07, 0xab, 0xe1, 0xfb, 0xe3, 0x39, 0x07, 0xeb,
  0xdb, 0xcb, 0x10, 0x31, 0x1e, 0x15, 0x2e, 0x11, 0x11, 0x0d, 0xfc, 0xbc,
  0x3d, 0x28, 0x22, 0xe4, 0x9e, 0xee, 0xbf, 0xdf, 0xb3, 0xf5, 0xc1, 0x31,
  0x9b, 0xbd, 0xcd, 0xf8, 0xd4, 0x0a, 0xd6, 0x29, 0xd1, 0xc3, 0x8d, 0x0e,
  0x13, 0xf2, 0xb6, 0xae, 0xf4, 0xec, 0x16, 0x03, 0xf9, 0x44, 0xd7, 0x05,
  0x23, 0xb3, 0xfc, 0x1a, 0x54, 0xd5, 0x3b, 0xe8, 0xf0, 0xfa, 0xd6, 0xcd,
  0x41, 0x01, 0x45, 0x0b, 0xeb, 0xcd, 0xe4, 0xf1, 0x9c, 0x27, 0xb7, 0x27,
  0xb5, 0xf9, 0x13, 0x5a, 0x17, 0x07, 0x5a, 0x41, 0x24, 0x2a, 0xd0, 0xb4,
  0x7f, 0x05, 0x51, 0x11, 0xa4, 0xfa, 0xd3, 0xd2, 0xc8, 0x16, 0x0a, 0xea,
  0xe0, 0xb2, 0xf6, 0x40, 0xeb, 0xfc, 0xf6, 0xf3, 0xe9, 0xc3, 0xa6, 0x12,
  0xde, 0xfe, 0xd7, 0x06, 0xf9, 0x85, 0x10, 0x11, 0xc8, 0xf8, 0x9b, 0x9d,
  0xf0, 0xea, 0xe2, 0xb4, 0x30, 0xdb, 0x21, 0xdf, 0xf4, 0xa5, 0xcd, 0x3c,
  0x34, 0xc1, 0x52, 0x08, 0xc0, 0x5c, 0x97, 0x0c, 0xfa, 0xb1, 0xc7, 0x86,
  0x1c, 0xec, 0xed, 0x3c, 0xc7, 0x21, 0x59, 0xeb, 0xa5, 0x92, 0xd1, 0x3a,
  0x54, 0x3e, 0xa2, 0x45, 0x3f, 0x41, 0x95, 0x17, 0xfd, 0xce, 0x12, 0xd9,
  0xfa, 0x92, 0xd6, 0xa1, 0x2f, 0xef, 0xa5, 0x28, 0x02, 0x05, 0xce, 0x39,
  0xdf, 0xf8, 0x9a, 0xb7, 0x19, 0x4d, 0xc1, 0x23, 0x15, 0xa4, 0x40, 0x3e,
  0x49, 0xcd, 0xb2, 0xa7, 0x18, 0xe0, 0xd4, 0x37, 0x92, 0x52, 0x1a, 0xbc,
  0x34, 0xd1, 0x29, 0xa3, 0x05, 0x00, 0xbe, 0x36, 0x8a, 0x81, 0x02, 0xdc,
  0x36, 0x99, 0x25, 0xd5, 0x04, 0x97, 0xe8, 0x91, 0xd4, 0x32, 0xa3, 0x45,
  0xb1, 0x42, 0x14, 0xda, 0x1e, 0xdf, 0x32, 0xbe, 0xa5, 0x02, 0x88, 0xe2,
  0xbf, 0x91, 0xb5, 0xf4, 0xe4, 0x5f, 0xd6, 0xa7, 0x2c, 0x14, 0xb6, 0xd7,
  0xf5, 0x61, 0xda, 0x86, 0x9e, 0xbc, 0x16, 0x2d, 0x54, 0x4c, 0xa7, 0x01,
  0xa0, 0x96, 0x18, 0x8d, 0xb9, 0x2d, 0x11, 0x39, 0x3c, 0x12, 0xe9, 0xf1,
  0xb3, 0xde, 0x0b, 0x89, 0x37, 0x45, 0xb7, 0x4d, 0x9b, 0x06, 0x11, 0x97,
  0xa2, 0x40, 0xd7, 0x93, 0xd3, 0xf9, 0x96, 0x31, 0xca, 0xe6, 0xb2, 0xe4,
  0xfa, 0x15, 0xd4, 0x9c, 0x13, 0xca, 0x96, 0x92, 0x9e, 0x0a, 0xea, 0xd8,
  0x92, 0x2b, 0x2e, 0xca, 0x55, 0xb0, 0x60, 0x41, 0xd5, 0x5b, 0xb8, 0xc5,
  0xd1, 0x40, 0x99, 0xea, 0x40, 0x28, 0xf9, 0x45, 0x39, 0xc7, 0xd0, 0xe9,
  0x2a, 0x35, 0x66, 0xa8, 0x4a, 0xe3, 0xcd, 0x22, 0xf0, 0x16, 0x45, 0x16,
  0x96, 0x28, 0x1c, 0xf5, 0x1c, 0xf4, 0xec, 0x2c, 0x42, 0xac, 0xd5, 0x05,
  0xf4, 0x13, 0x2c, 0xbc, 0x24, 0x36, 0xf8, 0xdc, 0xf6, 0x12, 0x18, 0x46,
  0xb4, 0xf4, 0xe7, 0x0a, 0x3a, 0x0a, 0x3a, 0x39, 0x36, 0xcf, 0x07, 0xee,
  0x3b, 0x32, 0x52, 0xbb, 0xf3, 0xf6, 0x23, 0xf8, 0xed, 0x45, 0x4d, 0x3e,
  0xe1, 0x7f, 0xf7, 0x44, 0x1c, 0xea, 0xf9, 0x6d, 0x57, 0xee, 0x22, 0xfc,
  0x3d, 0x1f, 0x1a, 0xe3, 0x60, 0x0f, 0x05, 0x13, 0xec, 0x01, 0x32, 0xf9,
  0xa7, 0x24, 0x01, 0x11, 0x06, 0x0c, 0x24, 0x54, 0x1a, 0xdf, 0x1e, 0x0c,
  0xfb, 0x12, 0x4f, 0xe8, 0x53, 0xe0, 0x05, 0xf3, 0x17, 0xf8, 0x2c, 0x22,
  0xbd, 0xf7, 0x26, 0x2e, 0x02, 0x45, 0x19, 0x3e, 0x64, 0xd4, 0x13, 0xce,
  0x5d, 0x37, 0x35, 0xe6, 0x3f, 0xf5, 0x22, 0x31, 0xf8, 0x52, 0x5b, 0x13,
  0x04, 0x70, 0x12, 0x2b, 0x3c, 0x3b, 0xfb, 0x50, 0x1c, 0xa7, 0xff, 0xe6,
  0x3d, 0x20, 0xfd, 0xc3, 0x33, 0xce, 0xd3, 0xf1, 0x13, 0xec, 0x20, 0x06,
  0xd6, 0x24, 0xed, 0x37, 0x1c, 0xd7, 0x21, 0x53, 0x3e, 0x04, 0x01, 0xb8,
  0xe8, 0x3a, 0x2d, 0xc1, 0x44, 0x13, 0xb4, 0xf2, 0xf3, 0x30, 0xef, 0xfd,
  0xcb, 0xcc, 0xce, 0xda, 0x08, 0xfc, 0x38, 0x10, 0x45, 0xe7, 0xfa, 0xd3,
  0x18, 0x1a, 0x2b, 0xf2, 0x3b, 0xf2, 0xc4, 0xf2, 0xf0, 0x05, 0x41, 0xf9,
  0x00, 0x1b, 0xef, 0x2d, 0x03, 0x1b, 0x1e, 0x18, 0x1e, 0x0f, 0x3b, 0x06,
  0xba, 0xef, 0xf2, 0xfc, 0x18, 0x45, 0x57, 0x6b, 0x24, 0xcc, 0xee, 0x41,
  0x28, 0x35, 0x0d, 0xf3, 0xef, 0x0c, 0x20, 0xf7, 0x16, 0x09, 0x2d, 0xfe,
  0xd2, 0x1b, 0x18, 0xed, 0x24, 0x2e, 0x3f, 0x66, 0x21, 0xef, 0xf8, 0x42,
  0x06, 0x2a, 0xe4, 0x05, 0xed, 0xe0, 0x02, 0x42, 0xd5, 0xfc, 0xe0, 0x1a,
  0xf7, 0xec, 0x11, 0xfd, 0xf4, 0x21, 0xfe, 0x56, 0x29, 0xe4, 0xe0, 0x08,
  0x29, 0x1f, 0x29, 0xe6, 0xf6, 0x05, 0x1f, 0x24, 0xf1, 0xfe, 0x26, 0xee,
  0xb4, 0xfc, 0x0c, 0x03, 0x0e, 0x1e, 0x46, 0x7f, 0x31, 0xc1, 0xef, 0x15,
  0xe5, 0x35, 0xf6, 0xe9, 0xbc, 0x21, 0x1d, 0xec, 0xed, 0x19, 0x33, 0xe7,
  0xdc, 0x00, 0xf2, 0xe8, 0x12, 0x1e, 0x68, 0x7d, 0x57, 0xdf, 0xf3, 0x3c,
  0xfc, 0x3a, 0xf5, 0xf6, 0xe8, 0xd7, 0x33, 0x17, 0xdb, 0xda, 0xdc, 0x28,
  0xec, 0x19, 0x0c, 0xee, 0x0b, 0x0d, 0x1c, 0x2f, 0x28, 0x18, 0xee, 0xe7,
  0x15, 0x29, 0xfa, 0xf7, 0xf9, 0xfa, 0x17, 0xfb, 0x11, 0xfb, 0x2e, 0xdb,
  0xb7, 0xf6, 0xfa, 0xce, 0x1e, 0x2c, 0x54, 0x5d, 0x3e, 0xba, 0xfa, 0x0c,
  0xf4, 0x2a, 0x06, 0xdf, 0xb0, 0xe8, 0x0c, 0xd6, 0x00, 0x0b, 0x31, 0x00,
  0xf1, 0x09, 0x00, 0x0d, 0x45, 0x23, 0x5f, 0x51, 0x2d, 0xd8, 0x10, 0x1f,
  0xfa, 0x19, 0x15, 0xf8, 0xd2, 0xf3, 0xf7, 0x33, 0xe6, 0x03, 0xdd, 0xfe,
  0xef, 0x06, 0x21, 0xfc, 0x0d, 0xe8, 0xf2, 0x16, 0x1e, 0xf8, 0xd6, 0xd1,
  0x28, 0x26, 0xf0, 0x12, 0xf2, 0x01, 0xc2, 0xc7, 0xe8, 0xf6, 0xfa, 0xc6,
  0xe2, 0xf3, 0xb0, 0xd8, 0x0c, 0xdd, 0xeb, 0xad, 0x00, 0xdc, 0xd9, 0xec,
  0xd0, 0xcb, 0x00, 0xe4, 0x00, 0xfa, 0xd9, 0xe6, 0x0c, 0x11, 0xe1, 0x19,
  0x2a, 0x0f, 0xf1, 0x40, 0x4d, 0xe1, 0x56, 0x2d, 0x22, 0xf8, 0x33, 0xe2,
  0x6d, 0x01, 0x33, 0x10, 0xc0, 0xda, 0xbd, 0x00, 0xb8, 0xfe, 0xfa, 0xf8,
  0xef, 0xcc, 0xfb, 0x2d, 0xee, 0xec, 0x04, 0xbf, 0xe8, 0x1f, 0xd9, 0x81,
  0xfd, 0x8c, 0x11, 0x07, 0x01, 0xe0, 0xe4, 0xe9, 0x18, 0xe2, 0xf8, 0xf1,
  0x21, 0x01, 0xa9, 0x12, 0xdd, 0xce, 0xc5, 0xd0, 0xcc, 0xc4, 0xf6, 0xf9,
  0x22, 0x05, 0x00, 0x14, 0xea, 0x0f, 0xe7, 0xf2, 0xcc, 0x2a, 0x03, 0x14,
  0x01, 0x1c, 0x19, 0x47, 0x1b, 0xea, 0x5f, 0x10, 0x40, 0x0c, 0xe7, 0x01,
  0x67, 0x0d, 0x23, 0xf3, 0xc7, 0xb2, 0xb4, 0xea, 0xdc, 0x34, 0xd9, 0xdc,
  0xd1, 0xdc, 0xfc, 0xf8, 0x0e, 0xdd, 0xdc, 0xaa, 0x00, 0x16, 0xdd, 0x83,
  0xd8, 0xcf, 0x1a, 0xfb, 0xf1, 0xff, 0xb1, 0xd8, 0x04, 0xf9, 0xd8, 0x10,
  0xec, 0xd1, 0xb1, 0xe7, 0x1a, 0xcf, 0xec, 0xb6, 0xe9, 0xf3, 0x20, 0xfe,
  0xf1, 0xe2, 0xe8, 0xd6, 0x22, 0x04, 0xdc, 0x19, 0x15, 0x21, 0xff, 0x3e,
  0x0d, 0xdf, 0x2b, 0x47, 0x1f, 0xdd, 0x4c, 0x47, 0x07, 0x22, 0x29, 0x1b,
  0x31, 0x06, 0x3e, 0x23, 0xe8, 0xee, 0xe9, 0xfd, 0xb2, 0x05, 0xeb, 0xe1,
  0xb2, 0xd0, 0x06, 0x2e, 0xf6, 0xeb, 0xd4, 0xf9, 0xd3, 0x36, 0x21, 0xd0,
  0xf7, 0xd4, 0xea, 0x1c, 0xe5, 0xf6, 0xeb, 0xd0, 0xfc, 0x23, 0x1a, 0x08,
  0xb7, 0x01, 0xcf, 0xfd, 0x0d, 0x51, 0x66, 0x7f, 0x29, 0xb3, 0xdf, 0x36,
  0x0f, 0x55, 0xd5, 0xf3, 0xc2, 0xbd, 0xd7, 0xff, 0xb0, 0xfa, 0x0e, 0x1c,
  0xb0, 0xf1, 0xec, 0x17, 0x1c, 0x0f, 0x5b, 0x66, 0x45, 0xe2, 0x1d, 0x1a,
  0x48, 0x3f, 0xf6, 0xd4, 0xb8, 0xa1, 0xc3, 0x18, 0xa1, 0x1c, 0xfa, 0x39,
  0xb9, 0xcb, 0xf0, 0xf6, 0x9f, 0xc7, 0xf8, 0x21, 0x10, 0x33, 0xd2, 0xcd,
  0x41, 0x1a, 0xd8, 0x0f, 0xc7, 0x02, 0xe5, 0xbd, 0xd1, 0x16, 0x4f, 0x0a,
  0xb4, 0xf7, 0xb7, 0xfa, 0x35, 0x45, 0x4d, 0x3a, 0x25, 0xce, 0xde, 0x1d,
  0x32, 0x2b, 0xa5, 0xb4, 0xac, 0xf5, 0x12, 0x03, 0xbc, 0x0f, 0xec, 0x09,
  0xb7, 0x28, 0xf2, 0x1c, 0x38, 0x2c, 0x72, 0x37, 0x41, 0x08, 0xde, 0x08,
  0x13, 0x04, 0xf4, 0xf7, 0xac, 0xc2, 0x02, 0xf0, 0xc0, 0xf4, 0xb7, 0xe0,
  0xd9, 0xfb, 0x25, 0xe7, 0xb6, 0x16, 0xcf, 0x17, 0xe3, 0x34, 0xa2, 0xb9,
  0x11, 0x14, 0x07, 0x10, 0xd5, 0xe0, 0xdb, 0xb4, 0x09, 0xde, 0x02, 0xd8,
  0xce, 0x07, 0xe0, 0xcc, 0x4d, 0x40, 0x2a, 0x3a, 0x13, 0xa5, 0xec, 0xf3,
  0x33, 0x3d, 0xe7, 0xa2, 0x9b, 0xd3, 0x09, 0x00, 0xe4, 0xe0, 0x17, 0x2c,
  0x9d, 0xf8, 0x16, 0xfc, 0x1e, 0x0c, 0x36, 0x4f, 0x3f, 0x0d, 0xed, 0xef,
  0x13, 0x0a, 0xe3, 0x09, 0xbd, 0x9b, 0xc6, 0x49, 0xef, 0x1c, 0xb4, 0x1e,
  0xe8, 0xda, 0x22, 0xf8, 0x03, 0xf9, 0x10, 0x20, 0x14, 0xfa, 0xb9, 0x05,
  0x0e, 0xe7, 0x08, 0x22, 0x23, 0x32, 0xe3, 0x2e, 0x60, 0xd1, 0x09, 0xe8,
  0x24, 0x1b, 0x34, 0xe1, 0x30, 0xe4, 0xeb, 0x34, 0x10, 0xfd, 0x43, 0x1d,
  0x8e, 0xfe, 0xdc, 0x1f, 0x20, 0xef, 0x07, 0x60, 0x32, 0xb1, 0x1c, 0xda,
  0xe6, 0x52, 0x10, 0xdb, 0x24, 0x21, 0x00, 0xfa, 0xfa, 0xee, 0x27, 0x1c,
  0xc2, 0x0d, 0xed, 0xfa, 0x1d, 0x48, 0x2e, 0x44, 0x56, 0xfa, 0xf6, 0xbe,
  0x4b, 0x50, 0x3a, 0xb1, 0xd1, 0x16, 0xf1, 0x43, 0x11, 0x07, 0x12, 0x35,
  0xc1, 0x67, 0xed, 0x41, 0x39, 0x3a, 0x11, 0x7f, 0x19, 0xd8, 0x08, 0xe6,
  0x29, 0x39, 0x37, 0xd3, 0x0c, 0x14, 0xfe, 0xec, 0x02, 0x29, 0x07, 0x25,
  0xbf, 0x45, 0x19, 0x16, 0x03, 0x0c, 0x05, 0x4c, 0x4f, 0xc4, 0xf8, 0xf5,
  0x21, 0x38, 0x11, 0xcd, 0x01, 0x30, 0xbc, 0x2b, 0xf4, 0x1c, 0x3e, 0x2b,
  0xae, 0x29, 0xea, 0x0f, 0x33, 0x58, 0x31, 0x0e, 0x4b, 0xd8, 0x24, 0xfb,
  0x13, 0x2d, 0x59, 0x01, 0xd2, 0x03, 0x22, 0x24, 0xf6, 0x2f, 0x3c, 0x40,
  0xe2, 0x52, 0xf1, 0x3c, 0x38, 0x21, 0x19, 0x17, 0x30, 0xcf, 0xfe, 0xe2,
  0x1a, 0x53, 0x42, 0xed, 0x3b, 0xed, 0xd8, 0xfc, 0xff, 0x21, 0x29, 0x02,
  0xb8, 0xf2, 0xf7, 0xf3, 0x2c, 0x19, 0xe6, 0x55, 0x48, 0xc4, 0x3a, 0xe4,
  0xe4, 0x1f, 0x21, 0xdf, 0xfd, 0x24, 0xfa, 0x09, 0xdf, 0x33, 0x1f, 0x40,
  0xd6, 0xe3, 0xbf, 0x00, 0x43, 0x05, 0x32, 0x1d, 0x0c, 0xd1, 0x20, 0xbc,
  0x1d, 0x37, 0xf9, 0xcd, 0x00, 0x37, 0x0a, 0x1e, 0xf4, 0x18, 0x24, 0x1c,
  0xee, 0x57, 0xbf, 0x44, 0x24, 0x19, 0xf2, 0x4b, 0x11, 0xaf, 0x07, 0xfb,
  0x39, 0x39, 0x4a, 0xd9, 0x5e, 0x04, 0xf8, 0xe7, 0xda, 0x12, 0x61, 0xf6,
  0xfb, 0xe9, 0x32, 0x36, 0x2d, 0xde, 0xf9, 0xf4, 0x36, 0xee, 0xf6, 0xf9,
  0x45, 0x28, 0x50, 0xe4, 0x5b, 0x09, 0xeb, 0xeb, 0xfa, 0x39, 0x24, 0x11,
  0xd0, 0xde, 0x2a, 0xf5, 0x13, 0x1d, 0xda, 0x38, 0x35, 0xd8, 0xe6, 0xa7,
  0x38, 0x2e, 0x08, 0xe8, 0x66, 0xde, 0xe7, 0x24, 0xef, 0x3e, 0x2c, 0xf9,
  0xcc, 0x45, 0xd8, 0x20, 0x4d, 0xe7, 0x14, 0x21, 0x2f, 0xfa, 0xda, 0x12,
  0x5d, 0x39, 0x39, 0x14, 0x2f, 0xde, 0x03, 0xc9, 0xd8, 0x40, 0x7a, 0x1a,
  0xf4, 0xe6, 0x48, 0x20, 0x6c, 0xf0, 0xd4, 0x0d, 0x10, 0xda, 0xf2, 0xfc,
  0x51, 0x3b, 0x07, 0xc0, 0x51, 0x0c, 0xfe, 0xc6, 0xe4, 0x1c, 0x18, 0xdc,
  0xe2, 0xf5, 0x23, 0x23, 0x47, 0xde, 0x05, 0x13, 0x0e, 0x13, 0x00, 0xdd,
  0x4c, 0x1e, 0x2d, 0xd6, 0x22, 0xec, 0xf2, 0xfc, 0xf8, 0x36, 0x45, 0xe2,
  0xda, 0x1e, 0xed, 0x10, 0x22, 0x05, 0xd3, 0x14, 0x04, 0xd2, 0xec, 0xcc,
  0x1e, 0x36, 0xf8, 0xc4, 0x65, 0xcd, 0xd8, 0xcb, 0xc6, 0x25, 0x3d, 0xc1,
  0xfe, 0xe7, 0x18, 0x28, 0x3b, 0xc0, 0xff, 0x34, 0x18, 0xd0, 0x13, 0xfa,
  0x48, 0x01, 0xfd, 0xcb, 0x7f, 0xe7, 0xe0, 0xda, 0xda, 0x43, 0x16, 0xcc,
  0xe3, 0xed, 0x0b, 0x22, 0x38, 0xd8, 0x19, 0x21, 0x14, 0xe8, 0xec, 0xb1,
  0x4f, 0x27, 0x17, 0xf3, 0xfe, 0xd6, 0xf5, 0xf7, 0xce, 0x1c, 0x35, 0x12,
  0xec, 0x14, 0xec, 0x17, 0x3c, 0xf5, 0xfe, 0x44, 0x0c, 0xaa, 0xd9, 0xe1,
  0x28, 0x51, 0x43, 0xe6, 0x28, 0x2d, 0x09, 0x14, 0x20, 0x15, 0x52, 0x0e,
  0xce, 0xf3, 0xfe, 0x22, 0x03, 0x28, 0xd8, 0x43, 0xef, 0xb5, 0x29, 0xde,
  0xe6, 0x31, 0x3f, 0xd1, 0x1b, 0x15, 0x2b, 0x11, 0xdf, 0xf6, 0x30, 0x0e,
  0xca, 0xf9, 0x0d, 0xdd, 0x0f, 0x1f, 0x38, 0x22, 0x3f, 0xeb, 0xed, 0xdb,
  0x22, 0x68, 0x3c, 0x07, 0x15, 0x04, 0x17, 0x0d, 0xe5, 0x03, 0xf8, 0x49,
  0xfb, 0x72, 0xdc, 0x34, 0x34, 0x1f, 0xf9, 0x7f, 0x2f, 0xe7, 0xfc, 0xed,
  0x25, 0x44, 0x59, 0xb9, 0x52, 0xe3, 0xe9, 0x0b, 0x05, 0xf0, 0x4b, 0x5f,
  0xd5, 0x2a, 0x18, 0x1d, 0x42, 0xe8, 0xeb, 0x71, 0x47, 0xae, 0xef, 0xe5,
  0x16, 0x67, 0x37, 0xb1, 0x2f, 0xf6, 0xf0, 0x21, 0x04, 0x38, 0x01, 0x33,
  0xfe, 0x15, 0x0e, 0xe5, 0x21, 0x43, 0xff, 0x40, 0x14, 0xc6, 0x1d, 0x06,
  0x22, 0x59, 0x1f, 0xce, 0x0b, 0x3f, 0x2b, 0x16, 0xdb, 0x3e, 0x12, 0x28,
  0xdf, 0x68, 0xee, 0x05, 0x0a, 0x18, 0xf9, 0x73, 0x32, 0xb6, 0x00, 0xc1,
  0x32, 0x48, 0x13, 0xc1, 0x32, 0x26, 0xf1, 0x21, 0xd3, 0x09, 0x54, 0x45,
  0xe9, 0xe5, 0xfb, 0xdc, 0x30, 0x36, 0x1e, 0x58, 0xf8, 0xb4, 0x08, 0xf4,
  0xf8, 0x48, 0x48, 0xf9, 0x49, 0xf5, 0x0a, 0x13, 0xfb, 0xe6, 0xfb, 0x2c,
  0xca, 0xcb, 0xe2, 0xed, 0x40, 0x32, 0x27, 0x0c, 0x45, 0xee, 0x08, 0xd0,
  0x3c, 0x40, 0x44, 0xec, 0x0c, 0x34, 0xce, 0xed, 0x08, 0x3d, 0x0e, 0x26,
  0xe5, 0x58, 0x0f, 0xf1, 0xd1, 0x0d, 0x2f, 0x22, 0x34, 0xca, 0x1d, 0xf9,
  0xd5, 0x20, 0x2b, 0xef, 0x19, 0x12, 0x3d, 0x6b, 0x3c, 0xc8, 0x20, 0x5f,
  0xee, 0x49, 0xf8, 0xea, 0xeb, 0x0b, 0x1c, 0x22, 0xe6, 0x25, 0x3b, 0x07,
  0xc3, 0x39, 0xf8, 0xe7, 0xe8, 0x40, 0x41, 0x7f, 0x2a, 0x02, 0x12, 0x31,
  0x09, 0x1e, 0xe2, 0x12, 0xd5, 0xec, 0x2e, 0x2e, 0x16, 0xe0, 0x21, 0xe7,
  0x07, 0x12, 0x06, 0x04, 0xf9, 0x0b, 0x20, 0x6d, 0x2e, 0xf6, 0xf9, 0x1e,
  0x48, 0x7a, 0xee, 0xdc, 0x00, 0xf5, 0x2e, 0x34, 0x00, 0x18, 0x3d, 0xde,
  0xb1, 0x09, 0x18, 0x0d, 0x2a, 0x3c, 0x69, 0x54, 0x18, 0xe9, 0x09, 0x1d,
  0xfc, 0x0e, 0x12, 0xc2, 0xf0, 0x2d, 0x2f, 0x20, 0x1a, 0x06, 0x2a, 0xd2,
  0xc6, 0x25, 0x07, 0xc9, 0x03, 0x45, 0x5d, 0x65, 0x2f, 0xf6, 0x10, 0x43,
  0xd6, 0x36, 0xd6, 0x14, 0xdc, 0xea, 0x34, 0x30, 0x09, 0xe6, 0xf9, 0x1f,
  0xc7, 0x1c, 0x05, 0xf7, 0xe4, 0x31, 0x27, 0x44, 0x42, 0x25, 0xfe, 0x0c,
  0xf9, 0x61, 0x04, 0x00, 0xcb, 0x0f, 0x0a, 0x28, 0xea, 0xf3, 0x0f, 0x15,
  0xb9, 0x10, 0x1c, 0x0e, 0x13, 0xf8, 0x3c, 0x4c, 0x0c, 0xce, 0xf0, 0x45,
  0xf4, 0x1f, 0xed, 0xd5, 0xbb, 0x2f, 0xf8, 0xf9, 0x00, 0x05, 0x1f, 0xe9,
  0xc1, 0x29, 0x12, 0xfe, 0xff, 0x0a, 0x5b, 0x39, 0x51, 0xf5, 0x02, 0x18,
  0x16, 0x25, 0xde, 0xf2, 0xdd, 0x11, 0x19, 0x1e, 0xec, 0xd8, 0xec, 0xf7,
  0xfe, 0x25, 0x18, 0x04, 0xef, 0xe3, 0x2d, 0x19, 0x0a, 0x25, 0xe2, 0xda,
  0x1d, 0x03, 0xfc, 0xd0, 0x5a, 0xfb, 0x20, 0x2c, 0x3f, 0xa0, 0x3a, 0xd5,
  0xff, 0x42, 0x23, 0xc8, 0x48, 0x4f, 0x0a, 0x04, 0x20, 0xed, 0x39, 0x1b,
  0x81, 0x28, 0x05, 0xf1, 0xf0, 0x04, 0x23, 0x4c, 0x10, 0xf9, 0x0b, 0xb9,
  0x39, 0x5d, 0x0b, 0xa9, 0x16, 0x24, 0xe1, 0xd6, 0x0c, 0x05, 0x11, 0x56,
  0xdb, 0xdd, 0xed, 0xd4, 0x26, 0x0a, 0xf6, 0xf8, 0x53, 0xd2, 0x09, 0xba,
  0x26, 0x66, 0x50, 0xdc, 0xe3, 0x29, 0xce, 0xe1, 0xff, 0xf9, 0x35, 0x0b,
  0xdd, 0x42, 0xbf, 0x28, 0x38, 0x38, 0x17, 0x2c, 0x7f, 0xb3, 0xfe, 0xf6,
  0x63, 0x48, 0x50, 0x0d, 0x58, 0x37, 0xbd, 0x1b, 0x0f, 0x49, 0x44, 0x26,
  0xd6, 0x2b, 0x27, 0x23, 0x0c, 0x3b, 0xe5, 0x5a, 0x19, 0x02, 0x13, 0xde,
  0x30, 0x2f, 0x36, 0xb7, 0x0a, 0xdd, 0xfc, 0xde, 0xc5, 0x45, 0x4d, 0x20,
  0xdb, 0x30, 0xbc, 0xe8, 0x21, 0x1b, 0x2b, 0x5d, 0x4a, 0xdb, 0x26, 0xf2,
  0x2f, 0x4e, 0x43, 0xdc, 0x02, 0x14, 0x21, 0x01, 0x11, 0x56, 0x47, 0x11,
  0xfe, 0x29, 0xf3, 0x3e, 0x2d, 0xfa, 0x10, 0x52, 0x39, 0xa0, 0x08, 0xa5,
  0x4c, 0x39, 0x2c, 0xbd, 0x32, 0xec, 0xc5, 0x00, 0x22, 0xe6, 0x43, 0xfa,
  0x8a, 0xf4, 0x05, 0x0e, 0x02, 0x1a, 0xd5, 0x44, 0xe7, 0xfb, 0x17, 0xb4,
  0x16, 0xf1, 0x41, 0xa3, 0x4c, 0xe2, 0xfe, 0xdf, 0xd5, 0x3c, 0x2f, 0x18,
  0xb0, 0xc2, 0xd0, 0xed, 0x03, 0xfc, 0x1a, 0xf3, 0x4e, 0x0c, 0xdf, 0xbe,
  0x13, 0x00, 0x42, 0xf7, 0xdb, 0x0c, 0xd4, 0xfb, 0xf4, 0x18, 0x28, 0x3a,
  0xf5, 0x1e, 0xf4, 0x24, 0xdf, 0x2a, 0x14, 0x49, 0xf0, 0xc1, 0x0b, 0x00,
  0xc8, 0x16, 0x34, 0x03, 0x0a, 0xfe, 0x50, 0x7b, 0x3c, 0xd1, 0xd8, 0x39,
  0xfe, 0x44, 0xf2, 0x00, 0xfa, 0xe6, 0x32, 0x51, 0x05, 0x12, 0x26, 0xe0,
  0xd6, 0x0c, 0x03, 0xe3, 0xd6, 0x1d, 0x27, 0x7f, 0x34, 0x0b, 0x16, 0x2f,
  0xb2, 0x50, 0xe4, 0x0a, 0xe4, 0x1b, 0x38, 0x26, 0x15, 0xfb, 0x18, 0x18,
  0x15, 0xff, 0x0b, 0xeb, 0x0d, 0x07, 0x14, 0x52, 0x0f, 0xd8, 0x06, 0x22,
  0xe1, 0x34, 0x2a, 0xd9, 0x0c, 0x26, 0xf0, 0x26, 0x3f, 0x02, 0xf3, 0xe0,
  0xee, 0x21, 0x47, 0xe1, 0xfa, 0x42, 0x2f, 0x3f, 0x19, 0xed, 0xf0, 0x56,
  0xec, 0x2f, 0xfc, 0xd4, 0x19, 0x0e, 0x0b, 0x08, 0xfc, 0xf1, 0x22, 0xd3,
  0xeb, 0x35, 0x1c, 0x02, 0x0f, 0x06, 0x62, 0x30, 0x2c, 0x05, 0x22, 0x19,
  0xeb, 0x41, 0x10, 0xde, 0x18, 0x32, 0x1b, 0x0e, 0x2f, 0xf6, 0x17, 0xe6,
  0x21, 0x27, 0x0b, 0xcb, 0xd2, 0x0c, 0x19, 0x3f, 0x3a, 0xe8, 0xed, 0x1f,
  0x2e, 0x44, 0x0f, 0xe8, 0x1a, 0xfd, 0x0f, 0x1e, 0x2b, 0xf7, 0x23, 0xfa,
  0xd8, 0x2c, 0x0e, 0xf8, 0xf1, 0x1c, 0x4d, 0x64, 0x41, 0x05, 0xe9, 0x11,
  0xd9, 0xfe, 0x01, 0xf3, 0x18, 0x16, 0x49, 0x1b, 0xff, 0x18, 0x34, 0x04,
  0xfd, 0x3c, 0xff, 0xf9, 0xfd, 0x0d, 0x13, 0x3f, 0x2f, 0xd0, 0x09, 0x2f,
  0xe5, 0x06, 0xe2, 0x03, 0x10, 0xe7, 0x08, 0x11, 0xfe, 0xe7, 0xf9, 0xe8,
  0x0d, 0x04, 0x26, 0xe7, 0xe6, 0x0d, 0x25, 0x0b, 0x03, 0xe9, 0x0e, 0xf7,
  0x32, 0x44, 0xf5, 0xd5, 0x77, 0xee, 0xec, 0x5c, 0x0c, 0xbf, 0x0a, 0xda,
  0x53, 0x24, 0x66, 0xc5, 0x38, 0xde, 0xb8, 0xc2, 0xf7, 0x29, 0x4a, 0x04,
  0xff, 0x08, 0x51, 0x38, 0x5b, 0xd5, 0xf9, 0x09, 0xf5, 0xcf, 0xe7, 0xe2,
  0x4e, 0x15, 0x43, 0xed, 0x6e, 0xf7, 0xdb, 0xe4, 0xd6, 0x35, 0x62, 0xd0,
  0xf8, 0x05, 0x27, 0x11, 0x4f, 0x0b, 0xde, 0x39, 0x30, 0xe7, 0x1e, 0xe3,
  0x21, 0x44, 0xff, 0xb9, 0x50, 0x1e, 0xca, 0xf6, 0xd0, 0x44, 0x02, 0x23,
  0xcc, 0x03, 0xe6, 0x22, 0x50, 0xf6, 0x03, 0x52, 0x14, 0xda, 0xe3, 0xe3,
  0x7c, 0x3d, 0x44, 0x07, 0x67, 0x06, 0xca, 0x06, 0xc7, 0x2a, 0x54, 0xe4,
  0x0c, 0xda, 0x25, 0x45, 0x1f, 0x1d, 0xe8, 0x06, 0x03, 0xcf, 0xe4, 0xea,
  0x2d, 0x06, 0x40, 0xc8, 0x7f, 0xfd, 0xda, 0xe6, 0xd1, 0x17, 0x2f, 0x1a,
  0x03, 0xf7, 0x1e, 0x1c, 0x57, 0x08, 0xd3, 0x13, 0x07, 0xda, 0xea, 0xa8,
  0x2c, 0x1a, 0x0f, 0xcb, 0x71, 0x12, 0xe3, 0xe6, 0xf2, 0x29, 0x3d, 0xfc,
  0xf3, 0x1b, 0x15, 0x4d, 0x61, 0xd7, 0xca, 0xf7, 0xf1, 0xdc, 0x08, 0x06,
  0x5d, 0xff, 0xf4, 0xbc, 0x29, 0x02, 0xdc, 0xac, 0xb8, 0x2a, 0x4d, 0xc4,
  0xbe, 0xf2, 0x37, 0x19, 0x07, 0xfe, 0xca, 0x08, 0x09, 0xc1, 0x15, 0x0a,
  0x3b, 0x08, 0x23, 0xde, 0x5f, 0xdf, 0xde, 0xfa, 0xe6, 0x48, 0x13, 0xd2,
  0xea, 0xe8, 0x18, 0x02, 0xfb, 0x03, 0xf5, 0x41, 0x2a, 0xe5, 0xf2, 0xb3,
  0x53, 0x4d, 0x17, 0xcb, 0x33, 0xec, 0xf3, 0xfe, 0xea, 0x28, 0xfe, 0x13,
  0xe1, 0x14, 0xae, 0x24, 0x14, 0xb4, 0xb7, 0xe0, 0xe0, 0xdc, 0xa3, 0x09,
  0x3e, 0xe5, 0xf8, 0x0d, 0x08, 0xc1, 0xec, 0xa4, 0xf6, 0x1b, 0x19, 0xdb,
  0x35, 0xd3, 0x4c, 0x25, 0x1c, 0xe2, 0xfa, 0xcc, 0xd3, 0xde, 0xc0, 0x02,
  0x30, 0xeb, 0x02, 0x23, 0x21, 0xfb, 0x1d, 0xe6, 0xff, 0x08, 0x27, 0xd8,
  0x2e, 0xf1, 0x33, 0x35, 0xf0, 0xd0, 0xf8, 0xcc, 0xbc, 0x2d, 0xd2, 0xc8,
  0xfe, 0xb4, 0x14, 0xcb, 0x0a, 0xfa, 0x11, 0xb4, 0x17, 0x09, 0x0a, 0xac,
  0xd0, 0xd3, 0xf5, 0xe4, 0x40, 0xce, 0xcc, 0xff, 0xe5, 0x14, 0xce, 0x2f,
  0x2b, 0xe6, 0xdf, 0xe6, 0xf7, 0xbc, 0xed, 0xec, 0xec, 0x04, 0x46, 0xba,
  0x2e, 0xf6, 0x58, 0x26, 0x0c, 0xcc, 0x14, 0xec, 0xdc, 0xe5, 0xca, 0x10,
  0x50, 0xd3, 0xff, 0xfe, 0x2b, 0xf4, 0x1e, 0xe5, 0x02, 0x28, 0x07, 0xda,
  0x47, 0x07, 0x74, 0x1b, 0xf7, 0xcd, 0x06, 0xea, 0xe8, 0x07, 0xc1, 0x05,
  0x0a, 0xb1, 0xf2, 0xfe, 0x34, 0x0b, 0x18, 0xe6, 0x19, 0x01, 0x16, 0x81,
  0xca, 0xe1, 0x10, 0xf0, 0x2c, 0xc4, 0xe9, 0x0f, 0xf7, 0xe2, 0xcb, 0x13,
  0x41, 0xc2, 0xd7, 0xf3, 0x17, 0xb8, 0xd2, 0xee, 0xe6, 0x16, 0x31, 0xcc,
  0x32, 0xf0, 0x53, 0x08, 0x39, 0xdd, 0xfe, 0xe3, 0xd8, 0x00, 0xe6, 0x11,
  0x49, 0xb8, 0xd6, 0x16, 0x42, 0x05, 0x19, 0xfc, 0x1c, 0x1b, 0x35, 0xc0,
  0x19, 0xf2, 0x32, 0x37, 0xd9, 0xb1, 0xe1, 0xd7, 0xc4, 0x17, 0xbf, 0xf6,
  0xfc, 0xd4, 0xfe, 0xea, 0x24, 0xf4, 0x25, 0xbc, 0x05, 0x06, 0x0d, 0x8f,
  0xce, 0xd9, 0x1e, 0x17, 0x4f, 0xb8, 0x02, 0x04, 0xfe, 0xf7, 0x06, 0x1d,
  0x4e, 0xfa, 0x59, 0xc2, 0x12, 0xdf, 0xdf, 0xe1, 0xb8, 0x1a, 0x45, 0xb0,
  0x29, 0x28, 0x22, 0x2b, 0x6f, 0xeb, 0xe7, 0x1b, 0x01, 0xc6, 0xeb, 0xfe,
  0x57, 0x1c, 0x29, 0xcb, 0x51, 0x06, 0xf7, 0xf4, 0xe8, 0x42, 0x3e, 0xc4,
  0x18, 0x00, 0x3b, 0x07, 0x26, 0xfa, 0x08, 0x14, 0x09, 0xf1, 0xca, 0xf6,
  0x5c, 0x40, 0x07, 0xf6, 0x57, 0x25, 0xe8, 0x09, 0xf1, 0x14, 0x3f, 0x03,
  0xd5, 0xe9, 0x10, 0x19, 0x45, 0xd5, 0x2e, 0x54, 0xf7, 0xe9, 0xd8, 0x21,
  0x74, 0xee, 0x20, 0xff, 0x26, 0xd4, 0xc8, 0xc7, 0xba, 0x3d, 0x36, 0xed,
  0x18, 0xe5, 0x5c, 0x34, 0x52, 0xc2, 0xd7, 0x08, 0x06, 0xcb, 0xcb, 0xee,
  0x7f, 0x33, 0x1c, 0x10, 0x57, 0x1f, 0xc9, 0xd4, 0xe2, 0x29, 0x2b, 0x12,
  0x00, 0xe3, 0x34, 0x44, 0x46, 0xdc, 0xe3, 0x27, 0xd1, 0x05, 0xe5, 0xec,
  0x4c, 0x19, 0x2a, 0xcc, 0x22, 0xff, 0x17, 0xdd, 0xec, 0x55, 0x47, 0xe4,
  0xff, 0x0a, 0x13, 0x0d, 0x54, 0xd3, 0xdb, 0xea, 0x17, 0xf4, 0xbf, 0xfb,
  0x41, 0xf1, 0x13, 0xef, 0x3b, 0xc6, 0xec, 0xa0, 0x01, 0xf7, 0x58, 0xe2,
  0xd6, 0xd3, 0x61, 0x38, 0x28, 0xdb, 0x00, 0xcc, 0x02, 0xed, 0xda, 0xf3,
  0x25, 0xdb, 0xe3, 0xdb, 0x5e, 0xd0, 0xde, 0xf1, 0xcf, 0x43, 0x36, 0xfa,
  0xe5, 0xec, 0x3b, 0x20, 0x3e, 0xf7, 0xf4, 0x08, 0xe0, 0xfb, 0xc5, 0xc8,
  0x72, 0x1d, 0x3b, 0xdb, 0x53, 0xfd, 0x2d, 0xd4, 0xe6, 0x4e, 0xfd, 0x01,
  0xe8, 0xea, 0xde, 0x00, 0x17, 0xfe, 0xdf, 0xd0, 0xdb, 0x53, 0xe9, 0x11,
  0xff, 0x1d, 0xc0, 0x0d, 0xe6, 0xd7, 0x48, 0x2a, 0x22, 0xbf, 0x08, 0x09,
  0x3c, 0xed, 0x3c, 0x07, 0x0e, 0xb9, 0xc2, 0xd3, 0xad, 0x3b, 0xe8, 0x40,
  0x05, 0x0b, 0xc2, 0xe4, 0x36, 0xeb, 0x54, 0x11, 0x41, 0x00, 0xec, 0xbe,
  0x35, 0xc9, 0x51, 0x0d, 0xcd, 0xc7, 0xef, 0xcd, 0xbd, 0xfa, 0xef, 0xff,
  0x9d, 0x06, 0xbf, 0x14, 0xda, 0xd0, 0xe7, 0x03, 0xdd, 0xee, 0xd6, 0xd4,
  0xf6, 0xaa, 0xec, 0x04, 0xe8, 0xdf, 0xea, 0x8d, 0x04, 0x50, 0xf0, 0xf5,
  0x00, 0xd7, 0xe3, 0x21, 0xf0, 0xe6, 0x30, 0x32, 0xfa, 0xd3, 0x0e, 0xd6,
  0x7f, 0xf3, 0x15, 0x22, 0xef, 0xb4, 0xd6, 0xdb, 0xe6, 0x36, 0xe3, 0x13,
  0xd3, 0xd8, 0x02, 0x27, 0x0b, 0xfb, 0x57, 0x0b, 0x07, 0xd0, 0x07, 0xc0,
  0x42, 0x0b, 0x32, 0x06, 0xed, 0xa6, 0xdd, 0xf1, 0xa6, 0x0b, 0xdd, 0x13,
  0xd0, 0xda, 0xfd, 0x0d, 0xfe, 0xde, 0xfe, 0xd7, 0x31, 0x1b, 0xff, 0xed,
  0x0a, 0xd7, 0xf9, 0xe6, 0x11, 0x2a, 0x08, 0xe4, 0xdf, 0x08, 0xce, 0x0c,
  0x2e, 0xe4, 0xe2, 0x33, 0x09, 0x13, 0x30, 0xf5, 0x21, 0xe2, 0xfb, 0xdd,
  0x4c, 0x44, 0x57, 0x16, 0xd7, 0xa7, 0xd1, 0xd3, 0xc2, 0x0b, 0x15, 0x2a,
  0xea, 0xda, 0xf2, 0xf6, 0x08, 0x19, 0x74, 0x07, 0x4e, 0xe4, 0x1d, 0xf2,
  0x4f, 0xd4, 0x60, 0x04, 0xbe, 0xed, 0x1b, 0x08, 0xc8, 0x40, 0xe8, 0xf7,
  0xaa, 0x9b, 0xbd, 0x30, 0x06, 0xc0, 0x06, 0xd0, 0x1f, 0xec, 0xfd, 0xd4,
  0x04, 0xc7, 0x21, 0x08, 0x00, 0x01, 0x22, 0x8e, 0x0f, 0x45, 0x2a, 0x22,
  0xe0, 0x14, 0xa3, 0xe6, 0xff, 0xe5, 0x54, 0x24, 0x08, 0xc4, 0xfd, 0xfb,
  0x3c, 0xec, 0x36, 0xfb, 0xec, 0xc4, 0x25, 0xf1, 0xd0, 0x33, 0x0b, 0xdd,
  0xf3, 0xdb, 0xff, 0x0b, 0x2f, 0xf7, 0x36, 0x4f, 0x3b, 0xea, 0xce, 0xc9,
  0x40, 0xfa, 0x1c, 0xd6, 0xd8, 0xdb, 0x06, 0xf8, 0x81, 0x49, 0xc8, 0x35,
  0x81, 0x13, 0xe3, 0x10, 0xb3, 0xe6, 0x0d, 0x26, 0x0f, 0xf8, 0xac, 0xc9,
  0xd6, 0xc8, 0xdc, 0xf5, 0xc1, 0x06, 0x0d, 0xc0, 0xdb, 0x0b, 0xef, 0x06,
  0xe2, 0x18, 0x86, 0x2c, 0x06, 0x22, 0x5f, 0x20, 0xf0, 0xab, 0xf9, 0xe2,
  0x67, 0x4a, 0x38, 0x10, 0xcd, 0xfa, 0x04, 0xc4, 0xca, 0x2e, 0xdf, 0xe8,
  0xbe, 0xd4, 0xc5, 0x42, 0xf3, 0x11, 0x68, 0x1e, 0x42, 0xf8, 0xc3, 0xdc,
  0x34, 0xfb, 0x37, 0xee, 0x9f, 0xe4, 0xfd, 0x25, 0xba, 0x17, 0xe2, 0x2f,
  0x8f, 0xee, 0x06, 0x09, 0xef, 0xd6, 0x12, 0x34, 0x0c, 0xed, 0xbd, 0xe1,
  0x13, 0xc7, 0x15, 0x11, 0x19, 0x06, 0xc8, 0xc5, 0xf4, 0x0e, 0x0d, 0x2b,
  0x0e, 0xee, 0xd2, 0xfa, 0xeb, 0x26, 0x55, 0x24, 0xf4, 0xcd, 0xec, 0xfc,
  0x6f, 0x40, 0x1c, 0xbf, 0xd2, 0xd9, 0x05, 0xf0, 0xb4, 0x37, 0xfc, 0xfa,
  0x16, 0xfb, 0x1e, 0xfc, 0x13, 0xf7, 0x41, 0x46, 0x2c, 0xe7, 0x09, 0xe8,
  0x3d, 0x31, 0x0c, 0xfd, 0xf3, 0x9b, 0xc6, 0x26, 0xd7, 0x14, 0xb6, 0x28,
  0xa1, 0xa4, 0x0b, 0x34, 0xec, 0x0b, 0x0b, 0xfd, 0x0f, 0x20, 0x02, 0xdb,
  0xec, 0xe0, 0xf0, 0x21, 0x0f, 0x2a, 0x1f, 0x3b, 0x28, 0x04, 0x07, 0x00,
  0xde, 0x16, 0x2f, 0xe4, 0x2f, 0x21, 0x2f, 0x74, 0x37, 0xe2, 0xf3, 0x2d,
  0x05, 0x0b, 0xf6, 0xdc, 0xea, 0x06, 0x2d, 0x1c, 0x19, 0xe3, 0x29, 0xec,
  0xd8, 0x34, 0xf8, 0xe2, 0xe1, 0x30, 0x52, 0x7f, 0x1a, 0x0c, 0x15, 0x28,
  0x02, 0x20, 0xe5, 0xec, 0x17, 0x13, 0x1b, 0x1a, 0xf7, 0xe9, 0x0b, 0xf1,
  0x05, 0x0e, 0x1b, 0xfe, 0xf3, 0x0c, 0x27, 0x4c, 0x0b, 0x0e, 0x16, 0x2a,
  0x1a, 0x33, 0x17, 0xfe, 0x02, 0x04, 0x1f, 0x0f, 0x20, 0xf0, 0x26, 0xe3,
  0xc7, 0x29, 0x12, 0xec, 0x0f, 0x19, 0x55, 0x6a, 0x41, 0xdd, 0xf4, 0x41,
  0x06, 0x40, 0xee, 0xd1, 0x09, 0x18, 0x22, 0x28, 0x37, 0x12, 0x3f, 0xea,
  0x0b, 0x2a, 0x0e, 0xef, 0x0d, 0x2a, 0x5e, 0x3f, 0x45, 0x0a, 0x06, 0x34,
  0xf0, 0x20, 0xc8, 0x14, 0x1e, 0xf2, 0x42, 0x16, 0x17, 0xf8, 0xfb, 0xf2,
  0xed, 0x26, 0x09, 0xd8, 0xd7, 0x06, 0x22, 0x4b, 0x06, 0x03, 0xec, 0x20,
  0x1f, 0x22, 0x0b, 0xfc, 0xe5, 0x12, 0x17, 0x1b, 0x00, 0xfb, 0x0f, 0xe7,
  0xc9, 0xfd, 0x35, 0xf1, 0x0e, 0x05, 0x20, 0x42, 0x1c, 0xeb, 0xfd, 0x29,
  0xfd, 0x1b, 0xf6, 0xef, 0xf1, 0x1d, 0x39, 0xf9, 0x0e, 0x0d, 0x24, 0xe7,
  0xda, 0x09, 0x23, 0xdd, 0xf0, 0x1b, 0x59, 0x5e, 0x24, 0xdb, 0x01, 0x2f,
  0xfc, 0x38, 0xe6, 0xff, 0x13, 0x08, 0x33, 0x16, 0x11, 0xcf, 0xec, 0x21,
  0xea, 0x00, 0x21, 0x0b, 0xf0, 0x12, 0x2e, 0x3d, 0x12, 0xf8, 0x0f, 0x06,
  0xfa, 0x2c, 0xfa, 0x14, 0x0e, 0xd4, 0xbb, 0xe6, 0xda, 0xbd, 0xd3, 0xf6,
  0xd6, 0xf1, 0x02, 0xea, 0x19, 0xad, 0xd1, 0xa6, 0xb0, 0x05, 0xfe, 0xc4,
  0x01, 0xdc, 0x0f, 0xf0, 0x61, 0xee, 0xee, 0xf4, 0xf1, 0xdc, 0xc6, 0x5d,
  0x2d, 0xd7, 0x11, 0xff, 0x4b, 0xd4, 0xa4, 0xcd, 0xbd, 0x21, 0x40, 0xaf,
  0x1c, 0xe9, 0x67, 0x20, 0x02, 0xeb, 0xe5, 0xc2, 0xec, 0xe5, 0x04, 0xeb,
  0x0f, 0x0c, 0xf4, 0x02, 0x6f, 0x0b, 0x7f, 0x12, 0x59, 0xe6, 0xe7, 0xc2,
  0xc6, 0xdb, 0x13, 0xf0, 0x18, 0xc4, 0xc1, 0xff, 0xec, 0xc9, 0xbd, 0xfe,
  0xdc, 0xd7, 0x03, 0xf2, 0x0a, 0xc5, 0xc9, 0xdf, 0xb1, 0x15, 0x0d, 0xb8,
  0xf6, 0xe4, 0x06, 0x08, 0x54, 0xd2, 0xe3, 0xf6, 0xef, 0xd6, 0xe3, 0x57,
  0x2e, 0xcd, 0x23, 0x1e, 0x5a, 0xcc, 0xa9, 0xdf, 0xd3, 0x27, 0x4a, 0xdb,
  0x2c, 0xfe, 0x65, 0x2f, 0xfa, 0xf5, 0xe2, 0xee, 0xe4, 0xfa, 0xfb, 0x07,
  0x15, 0xf7, 0x02, 0xf9, 0x62, 0x00, 0x73, 0xf6, 0x3e, 0xd4, 0x14, 0xca,
  0xf6, 0xfb, 0x17, 0xeb, 0xf9, 0xc3, 0xd8, 0xe3, 0xc9, 0xd2, 0xab, 0xd9,
  0xd5, 0xbf, 0xfe, 0xe1, 0xed, 0xcd, 0xb7, 0xbc, 0xba, 0xe6, 0x06, 0xb8,
  0xd8, 0xc1, 0xc4, 0xeb, 0x57, 0xde, 0xe1, 0xfb, 0xe6, 0xd4, 0xdc, 0x4c,
  0x18, 0xc9, 0x01, 0x15, 0x43, 0xed, 0xbe, 0xcf, 0xc1, 0x0a, 0x2b, 0xdc,
  0x33, 0xe8, 0x6f, 0x1f, 0x0b, 0x07, 0x04, 0xda, 0xf1, 0xed, 0x10, 0xed,
  0x01, 0x02, 0xe8, 0x0c, 0x61, 0x13, 0x61, 0xf0, 0x2f, 0xea, 0x0c, 0xdb,
  0xe6, 0xef, 0x07, 0xe9, 0x2a, 0xe6, 0xcf, 0xce, 0xf4, 0x21, 0xd8, 0xf5,
  0x07, 0xd7, 0xf9, 0xfb, 0xe6, 0xbd, 0x29, 0xec, 0xcd, 0xdd, 0xed, 0x9e,
  0x22, 0xdf, 0x27, 0x26, 0x37, 0xa4, 0xd3, 0xf1, 0xac, 0x02, 0xe7, 0xff,
  0x08, 0xf9, 0xf6, 0x2e, 0x11, 0xcd, 0x0f, 0xaf, 0x22, 0x1e, 0x36, 0xb3,
  0x37, 0xe2, 0x45, 0x23, 0xc2, 0xfc, 0xbc, 0xe5, 0xd4, 0x35, 0x0e, 0xc9,
  0xad, 0xcb, 0xb0, 0x0e, 0x19, 0xbc, 0x15, 0xbe, 0xfb, 0xd0, 0xfc, 0xd3,
  0xd0, 0xcf, 0x25, 0x08, 0x4c, 0xe7, 0xd3, 0xed, 0xc7, 0x34, 0xb1, 0x0b,
  0x4e, 0xf1, 0xbc, 0x03, 0x42, 0xb7, 0x1c, 0xf7, 0x14, 0xd3, 0xf6, 0xbb,
  0x53, 0xc4, 0x7f, 0x31, 0x0b, 0xec, 0xe2, 0xf5, 0xb8, 0x11, 0x01, 0x42,
  0x3f, 0x9d, 0xf5, 0x19, 0xff, 0xff, 0x32, 0xcf, 0xe6, 0x12, 0x23, 0xc0,
  0x69, 0xc7, 0x6a, 0x0d, 0xb4, 0xf7, 0xcb, 0xf6, 0xd1, 0x18, 0xd2, 0xe1,
  0xd2, 0xca, 0xba, 0xff, 0x11, 0x0a, 0x0b, 0xa4, 0xf7, 0xdc, 0xcf, 0xcc,
  0xce, 0xdd, 0x19, 0x17, 0xf5, 0xec, 0xb9, 0xd9, 0xe7, 0x14, 0xbe, 0x0c,
  0x34, 0xb7, 0xfc, 0x1d, 0xe8, 0x05, 0x35, 0xfa, 0xe0, 0xee, 0x32, 0xc5,
  0x29, 0x08, 0x41, 0xfd, 0x24, 0xa2, 0xef, 0x14, 0xfb, 0x3e, 0xb1, 0x11,
  0x2d, 0x9b, 0xe9, 0xf3, 0x20, 0xdd, 0x2d, 0xda, 0x00, 0x38, 0x23, 0x9f,
  0x4c, 0x0a, 0x73, 0x23, 0x05, 0xd8, 0xe0, 0xbd, 0xed, 0xfd, 0xcd, 0xfd,
  0xc9, 0xd3, 0xd7, 0xe5, 0xea, 0xf3, 0x04, 0xef, 0xe4, 0x0e, 0xcf, 0xbd,
  0xf4, 0xbd, 0x13, 0xfc, 0x3d, 0xdb, 0x01, 0x20, 0x1e, 0xc3, 0xf4, 0x19,
  0x58, 0x0d, 0x48, 0xcf, 0x5a, 0xe9, 0xf8, 0xb8, 0xc9, 0x19, 0x57, 0x03,
  0xff, 0xfc, 0x55, 0x42, 0x43, 0xeb, 0xed, 0x09, 0x3b, 0xdf, 0xd0, 0xec,
  0x4c, 0x1c, 0x26, 0xe4, 0x5f, 0xe3, 0xed, 0xed, 0x01, 0x43, 0x69, 0xec,
  0xec, 0x0c, 0x3f, 0x03, 0x41, 0xdc, 0xd9, 0xf0, 0x11, 0xd0, 0x12, 0xf3,
  0x5e, 0x24, 0x44, 0xd3, 0x57, 0x07, 0x1f, 0x06, 0x06, 0x37, 0x40, 0x0e,
  0xbc, 0x2c, 0x19, 0x38, 0x5a, 0xf4, 0x05, 0x29, 0x14, 0xf8, 0xdb, 0x08,
  0x60, 0x09, 0x4c, 0xfc, 0x31, 0xed, 0xcb, 0xd4, 0xc2, 0x59, 0x76, 0xf4,
  0xf5, 0xf1, 0x7f, 0x4f, 0x5f, 0xd4, 0xdc, 0x28, 0x23, 0xe8, 0xe9, 0x03,
  0x63, 0x27, 0x10, 0xed, 0x67, 0xe1, 0xdb, 0xe2, 0xc4, 0x3e, 0x57, 0x02,
  0x29, 0xdf, 0x3b, 0x11, 0x20, 0xdf, 0x11, 0x37, 0x08, 0xd4, 0x04, 0xc3,
  0x51, 0x0a, 0x3b, 0xce, 0x68, 0x0c, 0x1b, 0xfe, 0xff, 0x36, 0x4e, 0x15,
  0xd4, 0xef, 0x2c, 0x08, 0x64, 0xb3, 0xef, 0x28, 0x12, 0xb2, 0xe7, 0xd8,
  0x4d, 0x24, 0x1b, 0xce, 0x39, 0xf5, 0xfe, 0xaa, 0xf7, 0x2b, 0x68, 0xbb,
  0xff, 0xd6, 0x28, 0x38, 0x53, 0xe4, 0xd0, 0xf8, 0x17, 0xe9, 0xfa, 0xef,
  0x2a, 0x06, 0x27, 0x06, 0x69, 0xef, 0xda, 0xd8, 0xf2, 0x17, 0x22, 0xd5,
  0xf2, 0xc9, 0x5c, 0x16, 0x02, 0xf6, 0x06, 0x23, 0xf9, 0xf3, 0xce, 0xf1,
  0x52, 0xef, 0x12, 0xe0, 0x4d, 0xeb, 0x12, 0xbe, 0xff, 0x3f, 0x01, 0xc8,
  0xc8, 0xee, 0x11, 0x12, 0x37, 0x2b, 0xfa, 0x40, 0x16, 0xda, 0xfe, 0xef,
  0x27, 0x35, 0x54, 0xdd, 0x3f, 0x1c, 0xdf, 0xf8, 0xdc, 0x37, 0x49, 0x3f,
  0xb1, 0x27, 0xe3, 0x0b, 0x14, 0x06, 0x17, 0x19, 0x47, 0xc3, 0x0e, 0xb6,
  0x36, 0x33, 0x15, 0xc4, 0x3f, 0x12, 0xe2, 0x0d, 0xf6, 0xff, 0x36, 0x12,
  0x94, 0x2b, 0xee, 0x2d, 0x48, 0xfd, 0x00, 0x1b, 0x1a, 0xbf, 0xf1, 0xa2,
  0x21, 0x27, 0x58, 0xc9, 0x1d, 0x39, 0x0e, 0x0f, 0x07, 0x04, 0x3e, 0x50,
  0xc2, 0x47, 0xee, 0x06, 0x2b, 0x42, 0x0b, 0x5a, 0x48, 0xe7, 0x15, 0xcf,
  0x10, 0x53, 0x3b, 0xc8, 0x4d, 0x1a, 0xf8, 0xf1, 0xe4, 0x2b, 0x47, 0x46,
  0x9c, 0x3a, 0x05, 0x2e, 0x51, 0x33, 0xfd, 0x3e, 0x1d, 0xcc, 0x36, 0xba,
  0x2f, 0x33, 0x2e, 0xae, 0x30, 0xff, 0xc6, 0xed, 0xee, 0x13, 0x3e, 0x53,
  0xdb, 0x0d, 0xd6, 0x0e, 0x49, 0x3f, 0x05, 0x3a, 0x41, 0xee, 0x34, 0xf7,
  0x48, 0x7f, 0x6c, 0xe1, 0x21, 0xf3, 0xf8, 0xfb, 0xfe, 0x22, 0x2f, 0x64,
  0xdb, 0x24, 0xe0, 0x44, 0x21, 0x0a, 0x2b, 0x32, 0x5c, 0xae, 0x1b, 0xd7,
  0x42, 0x53, 0x34, 0xe9, 0x58, 0xf8, 0xc7, 0xf0, 0x0e, 0x24, 0x33, 0x33,
  0xb0, 0xfc, 0xd6, 0xec, 0x2c, 0x13, 0xd8, 0x53, 0xf7, 0xc4, 0xf7, 0xd0,
  0xf8, 0x47, 0x2c, 0xab, 0x4d, 0xf8, 0xfa, 0x1b, 0xe6, 0xf6, 0x27, 0x2a,
  0xca, 0xe7, 0xe8, 0x24, 0x37, 0xfb, 0x12, 0x14, 0x52, 0xfc, 0x1c, 0xbd,
  0x0f, 0x1d, 0x32, 0xc8, 0xf1, 0xf2, 0xdb, 0x0d, 0xed, 0x4d, 0x3a, 0x08,
  0xd6, 0x1f, 0xe2, 0xfa, 0xf5, 0xea, 0x16, 0xc1, 0x03, 0xed, 0x1b, 0x0e,
  0xad, 0x11, 0xdb, 0xfe, 0x31, 0x23, 0x27, 0x5a, 0x0e, 0xf5, 0xf0, 0x25,
  0x22, 0x3b, 0xe7, 0xdd, 0xc9, 0x03, 0x22, 0xe8, 0xde, 0x14, 0x18, 0x09,
  0xda, 0x03, 0xf5, 0x01, 0x36, 0x2a, 0x3c, 0x68, 0x14, 0x0a, 0xe3, 0xf6,
  0x16, 0x23, 0xda, 0xe0, 0xd4, 0xca, 0xf6, 0x0f, 0xbe, 0xf4, 0xf7, 0x05,
  0xcb, 0xce, 0x00, 0xdf, 0xe2, 0xef, 0xd2, 0xfe, 0xf1, 0x0b, 0xde, 0xbc,
  0x3d, 0x09, 0x18, 0x09, 0xe5, 0xf7, 0x0a, 0xde, 0xf3, 0x1a, 0x1d, 0xda,
  0xb7, 0x11, 0xf5, 0xf3, 0x2e, 0x37, 0x56, 0x43, 0x1f, 0xe6, 0xd9, 0xfb,
  0x16, 0x38, 0xc6, 0xe8, 0xbc, 0xe2, 0x2c, 0xe0, 0xd0, 0xfd, 0x21, 0x0b,
  0xdc, 0x14, 0x07, 0x0a, 0x16, 0x1b, 0x67, 0x69, 0x22, 0xee, 0xc0, 0x21,
  0x19, 0x0e, 0xc6, 0xea, 0xd6, 0xb2, 0x07, 0x37, 0xc2, 0x02, 0xd0, 0x09,
  0xc8, 0xdc, 0x10, 0x04, 0xd7, 0xe4, 0xf4, 0x0d, 0x1a, 0x1e, 0x05, 0xe3,
  0x30, 0x04, 0xeb, 0x2a, 0xbe, 0xd5, 0x11, 0xd2, 0xd8, 0x00, 0x32, 0x01,
  0x90, 0x03, 0xf3, 0xdc, 0x7f, 0x14, 0x41, 0x5b, 0x1f, 0xcb, 0xda, 0x13,
  0x33, 0x18, 0xea, 0xbe, 0x91, 0xe7, 0xf7, 0xf9, 0xec, 0x23, 0xfb, 0x04,
  0xe4, 0x1a, 0x25, 0xe6, 0x48, 0x2b, 0x59, 0x53, 0x2c, 0xf3, 0xd1, 0x05,
  0x35, 0x2a, 0xe1, 0xf4, 0x00, 0xd6, 0xe3, 0x42, 0xba, 0x15, 0xe7, 0x25,
  0xd4, 0xe6, 0x31, 0xe5, 0xe0, 0x08, 0xfa, 0xf9, 0xe4, 0x38, 0xe8, 0xd6,
  0x1d, 0xeb, 0x18, 0x18, 0x3d, 0xdd, 0x1e, 0x25, 0x1e, 0xdf, 0x02, 0xcb,
  0x0b, 0x2a, 0x39, 0xc0, 0x0c, 0x22, 0x03, 0xca, 0xf2, 0x16, 0x2b, 0x2f,
  0x99, 0x41, 0xfe, 0x01, 0x36, 0xd7, 0x17, 0xfd, 0x09, 0xd2, 0x39, 0xf6,
  0x03, 0x57, 0x4a, 0xdf, 0x50, 0x0f, 0xbd, 0x16, 0x07, 0xe1, 0x1e, 0x18,
  0xc5, 0xf8, 0x16, 0x15, 0xf2, 0x04, 0x28, 0x41, 0xfd, 0xd1, 0xfb, 0xb4,
  0x0c, 0x29, 0x08, 0x01, 0x18, 0x28, 0xc8, 0xc2, 0xb8, 0x1d, 0x2e, 0xf9,
  0xe1, 0x2c, 0x08, 0x05, 0x2a, 0x3c, 0x2c, 0x7f, 0x2f, 0xa5, 0x4b, 0xbb,
  0x60, 0x6b, 0x32, 0xf5, 0x0f, 0x08, 0xe0, 0x1b, 0xe6, 0x05, 0x47, 0x32,
  0x91, 0x15, 0x14, 0x49, 0xf3, 0x41, 0x01, 0x68, 0x3d, 0xbf, 0x48, 0xbb,
  0x24, 0x23, 0x64, 0xa9, 0x27, 0xde, 0xe0, 0x32, 0xc8, 0x21, 0x4e, 0x02,
  0x9c, 0xe2, 0xd5, 0xea, 0x51, 0x4f, 0x00, 0x61, 0x4f, 0xc2, 0x37, 0xd7,
  0x42, 0x6e, 0x1d, 0xa9, 0x31, 0xff, 0xf8, 0x2c, 0x02, 0x15, 0x03, 0x5a,
  0xe1, 0x44, 0xc6, 0x63, 0x49, 0x2a, 0xce, 0x09, 0x11, 0xec, 0x11, 0xc5,
  0x2b, 0x47, 0x43, 0xff, 0x66, 0x2f, 0x93, 0x11, 0xdb, 0x13, 0x46, 0xf6,
  0xcc, 0xe0, 0xc9, 0xe4, 0x1f, 0xd1, 0x18, 0xfe, 0xfa, 0xe0, 0xc1, 0x96,
  0x18, 0xef, 0xff, 0xa9, 0x45, 0x01, 0xcc, 0xc3, 0xe9, 0x40, 0x2f, 0x0d,
  0xd4, 0x07, 0xdf, 0x05, 0x10, 0x20, 0x27, 0x2c, 0x48, 0x00, 0x1a, 0xcf,
  0x2c, 0xf9, 0x53, 0xd3, 0x1e, 0xd3, 0xaf, 0xdb, 0xae, 0x60, 0x04, 0x26,
  0x99, 0x4f, 0xd4, 0x37, 0xd6, 0xfd, 0xff, 0xff, 0x04, 0x00, 0x00, 0x00,
  0xc0, 0x00, 0x00, 0x00, 0x3c, 0xff, 0xff, 0xff, 0xee, 0x01, 0x00, 0x00,
  0x7e, 0x02, 0x00, 0x00, 0xb9, 0xfb, 0xff, 0xff, 0x22, 0x00, 0x00, 0x00,
  0xa1, 0x00, 0x00, 0x00, 0xbf, 0xfc, 0xff, 0xff, 0x5b, 0xff, 0xff, 0xff,
  0xd6, 0xff, 0xff, 0xff, 0xdf, 0xfd, 0xff, 0xff, 0xb7, 0x02, 0x00, 0x00,
  0xc0, 0xfe, 0xff, 0xff, 0x76, 0xff, 0xff, 0xff, 0x2a, 0xff, 0xff, 0xff,
  0xbd, 0x01, 0x00, 0x00, 0x47, 0x03, 0x00, 0x00, 0xf5, 0xfd, 0xff, 0xff,
  0x5e, 0xfc, 0xff, 0xff, 0xfe, 0xff, 0xff, 0xff, 0x8e, 0xff, 0xff, 0xff,
  0x73, 0xfc, 0xff, 0xff, 0xdc, 0x01, 0x00, 0x00, 0x85, 0xff, 0xff, 0xff,
  0x27, 0x00, 0x00, 0x00, 0xf5, 0x03, 0x00, 0x00, 0xc3, 0xfe, 0xff, 0xff,
  0x87, 0xfd, 0xff, 0xff, 0x7b, 0xff, 0xff, 0xff, 0xfa, 0x00, 0x00, 0x00,
  0xc1, 0xff, 0xff, 0xff, 0x6f, 0xfc, 0xff, 0xff, 0x2e, 0xfd, 0xff, 0xff,
  0x04, 0xfc, 0xff, 0xff, 0xb4, 0xfe, 0xff, 0xff, 0xdf, 0xfc, 0xff, 0xff,
  0x19, 0xfe, 0xff, 0xff, 0x51, 0xfd, 0xff, 0xff, 0xd2, 0xff, 0xff, 0xff,
  0x52, 0xfd, 0xff, 0xff, 0x4f, 0x02, 0x00, 0x00, 0xf8, 0x02, 0x00, 0x00,
  0xd6, 0xfe, 0xff, 0xff, 0x07, 0xff, 0xff, 0xff, 0x07, 0x01, 0x00, 0x00,
  0x30, 0xfd, 0xff, 0xff, 0x65, 0xfc, 0xff, 0xff, 0xa4, 0xff, 0xff, 0xff,
  0xe2, 0xfc, 0xff, 0xff, 0xa2, 0xfe, 0xff, 0xff, 0x04, 0x00, 0x00, 0x00,
  0x90, 0x00, 0x00, 0x00, 0xff, 0x88, 0xae, 0x10, 0xdb, 0xc6, 0x2d, 0xc4,
  0x99, 0x37, 0xa9, 0x1a, 0x9f, 0x32, 0xb3, 0xc4, 0x46, 0x3d, 0xd9, 0xc3,
  0x4f, 0xc8, 0x98, 0x2f, 0xb9, 0x1b, 0x49, 0x3b, 0xad, 0xaa, 0x34, 0x2d,
  0x71, 0x2b, 0x4d, 0x2a, 0x48, 0x81, 0x0b, 0xb0, 0xc5, 0x12, 0xb5, 0xb5,
  0x33, 0xfd, 0xf2, 0x5f, 0x4e, 0x0f, 0x43, 0xf3, 0xf0, 0x03, 0xcd, 0x81,
  0xb4, 0xb5, 0xef, 0x16, 0x97, 0x48, 0x21, 0x33, 0x34, 0x08, 0x56, 0x96,
  0x0d, 0x1d, 0x7a, 0x52, 0x19, 0xe0, 0xd5, 0x4b, 0x37, 0x51, 0xf7, 0xae,
  0xdd, 0x29, 0xcf, 0x20, 0xdc, 0xc1, 0xa2, 0x27, 0x38, 0x11, 0x86, 0x0a,
  0xe0, 0xaa, 0x4f, 0xb5, 0xd6, 0xfa, 0x21, 0xd4, 0x52, 0x40, 0x2b, 0x37,
  0x50, 0x2b, 0xf5, 0xbd, 0x7f, 0xb5, 0xf1, 0x1f, 0xc0, 0xd9, 0xb6, 0x5d,
  0xcc, 0x23, 0xb5, 0xd7, 0x10, 0xe5, 0xe6, 0xf3, 0x2c, 0xc6, 0xed, 0x18,
  0xe6, 0xc0, 0xde, 0xc1, 0x31, 0x5f, 0x1e, 0x20, 0x20, 0xcc, 0x6e, 0x27,
  0x2a, 0xb9, 0xa1, 0xd5, 0x3e, 0xff, 0xff, 0xff, 0x04, 0x00, 0x00, 0x00,
  0x0c, 0x00, 0x00, 0x00, 0x8a, 0xfd, 0xff, 0xff, 0xac, 0x01, 0x00, 0x00,
  0x6a, 0x00, 0x00, 0x00, 0x56, 0xff, 0xff, 0xff, 0x04, 0x00, 0x00, 0x00,
  0x08, 0x00, 0x00, 0x00, 0x01, 0x00, 0x00, 0x00, 0x02, 0x00, 0x00, 0x00,
  0xdc, 0xea, 0xff, 0xff, 0xe0, 0xea, 0xff, 0xff, 0x0f, 0x00, 0x00, 0x00,
  0x4d, 0x4c, 0x49, 0x52, 0x20, 0x43, 0x6f, 0x6e, 0x76, 0x65, 0x72, 0x74,
  0x65, 0x64, 0x2e, 0x00, 0x01, 0x00, 0x00, 0x00, 0x14, 0x00, 0x00, 0x00,
  0x00, 0x00, 0x0e, 0x00, 0x18, 0x00, 0x14, 0x00, 0x10, 0x00, 0x0c, 0x00,
  0x08, 0x00, 0x04, 0x00, 0x0e, 0x00, 0x00, 0x00, 0x14, 0x00, 0x00, 0x00,
  0x1c, 0x00, 0x00, 0x00, 0x58, 0x02, 0x00, 0x00, 0x5c, 0x02, 0x00, 0x00,
  0x60, 0x02, 0x00, 0x00, 0x04, 0x00, 0x00, 0x00, 0x6d, 0x61, 0x69, 0x6e,
  0x00, 0x00, 0x00, 0x00, 0x08, 0x00, 0x00, 0x00, 0xf4, 0x01, 0x00, 0x00,
  0x90, 0x01, 0x00, 0x00, 0x40, 0x01, 0x00, 0x00, 0xfc, 0x00, 0x00, 0x00,
  0xac, 0x00, 0x00, 0x00, 0x78, 0x00, 0x00, 0x00, 0x40, 0x00, 0x00, 0x00,
  0x04, 0x00, 0x00, 0x00, 0x9a, 0xfe, 0xff, 0xff, 0x1c, 0x00, 0x00, 0x00,
  0x00, 0x00, 0x00, 0x09, 0x1c, 0x00, 0x00, 0x00, 0x20, 0x00, 0x00, 0x00,
  0x04, 0x00, 0x00, 0x00, 0x00, 0x00, 0x06, 0x00, 0x08, 0x00, 0x04, 0x00,
  0x06, 0x00, 0x00, 0x00, 0x00, 0x00, 0x80, 0x3f, 0x01, 0x00, 0x00, 0x00,
  0x11, 0x00, 0x00, 0x00, 0x01, 0x00, 0x00, 0x00, 0x10, 0x00, 0x00, 0x00,
  0x5e, 0xff, 0xff, 0xff, 0x14, 0x00, 0x00, 0x00, 0x00, 0x00, 0x00, 0x08,
  0x10, 0x00, 0x00, 0x00, 0x14, 0x00, 0x00, 0x00, 0x03, 0x00, 0x00, 0x00,
  0xa8, 0xeb, 0xff, 0xff, 0x01, 0x00, 0x00, 0x00, 0x10, 0x00, 0x00, 0x00,
  0x03, 0x00, 0x00, 0x00, 0x0f, 0x00, 0x00, 0x00, 0x03, 0x00, 0x00, 0x00,
  0x02, 0x00, 0x00, 0x00, 0x92, 0xff, 0xff, 0xff, 0x14, 0x00, 0x00, 0x00,
  0x00, 0x00, 0x00, 0x1b, 0x10, 0x00, 0x00, 0x00, 0x14, 0x00, 0x00, 0x00,
  0x02, 0x00, 0x00, 0x00, 0xdc, 0xeb, 0xff, 0xff, 0x01, 0x00, 0x00, 0x00,
  0x0f, 0x00, 0x00, 0x00, 0x02, 0x00, 0x00, 0x00, 0x0e, 0x00, 0x00, 0x00,
  0x01, 0x00, 0x00, 0x00, 0xd6, 0xfe, 0xff, 0xff, 0x10, 0x00, 0x00, 0x00,
  0x00, 0x00, 0x00, 0x01, 0x18, 0x00, 0x00, 0x00, 0x1c, 0x00, 0x00, 0x00,
  0xc8, 0xfe, 0xff, 0xff, 0x00, 0x00, 0x00, 0x01, 0x01, 0x00, 0x00, 0x00,
  0x01, 0x00, 0x00, 0x00, 0x01, 0x00, 0x00, 0x00, 0x0e, 0x00, 0x00, 0x00,
  0x03, 0x00, 0x00, 0x00, 0x0d, 0x00, 0x00, 0x00, 0x05, 0x00, 0x00, 0x00,
  0x04, 0x00, 0x00, 0x00, 0x00, 0x00, 0x0e, 0x00, 0x18, 0x00, 0x14, 0x00,
  0x10, 0x00, 0x0c, 0x00, 0x0b, 0x00, 0x04, 0x00, 0x0e, 0x00, 0x00, 0x00,
  0x14, 0x00, 0x00, 0x00, 0x00, 0x00, 0x00, 0x05, 0x24, 0x00, 0x00, 0x00,
  0x28, 0x00, 0x00, 0x00, 0x01, 0x00, 0x00, 0x00, 0x72, 0xff, 0xff, 0xff,
  0x02, 0x00, 0x00, 0x00, 0x02, 0x00, 0x00, 0x00, 0x02, 0x00, 0x00, 0x00,
  0x02, 0x00, 0x00, 0x00, 0x00, 0x00, 0x00, 0x01, 0x01, 0x00, 0x00, 0x00,
  0x0d, 0x00, 0x00, 0x00, 0x01, 0x00, 0x00, 0x00, 0x0c, 0x00, 0x00, 0x00,
  0x62, 0xff, 0xff, 0xff, 0x10, 0x00, 0x00, 0x00, 0x00, 0x00, 0x00, 0x01,
  0x18, 0x00, 0x00, 0x00, 0x1c, 0x00, 0x00, 0x00, 0x54, 0xff, 0xff, 0xff,
  0x00, 0x00, 0x00, 0x01, 0x01, 0x00, 0x00, 0x00, 0x01, 0x00, 0x00, 0x00,
  0x01, 0x00, 0x00, 0x00, 0x0c, 0x00, 0x00, 0x00, 0x03, 0x00, 0x00, 0x00,
  0x0b, 0x00, 0x00, 0x00, 0x07, 0x00, 0x00, 0x00, 0x06, 0x00, 0x00, 0x00,
  0x00, 0x00, 0x0e, 0x00, 0x1a, 0x00, 0x14, 0x00, 0x10, 0x00, 0x0c, 0x00,
  0x0b, 0x00, 0x04, 0x00, 0x0e, 0x00, 0x00, 0x00, 0x24, 0x00, 0x00, 0x00,
  0x00, 0x00, 0x00, 0x05, 0x34, 0x00, 0x00, 0x00, 0x38, 0x00, 0x00, 0x00,
  0x01, 0x00, 0x00, 0x00, 0x00, 0x00, 0x0e, 0x00, 0x18, 0x00, 0x17, 0x00,
  0x10, 0x00, 0x0c, 0x00, 0x08, 0x00, 0x04, 0x00, 0x0e, 0x00, 0x00, 0x00,
  0x02, 0x00, 0x00, 0x00, 0x02, 0x00, 0x00, 0x00, 0x02, 0x00, 0x00, 0x00,
  0x02, 0x00, 0x00, 0x00, 0x00, 0x00, 0x00, 0x01, 0x01, 0x00, 0x00, 0x00,
  0x0b, 0x00, 0x00, 0x00, 0x01, 0x00, 0x00, 0x00, 0x0a, 0x00, 0x00, 0x00,
  0x00, 0x00, 0x0e, 0x00, 0x14, 0x00, 0x00, 0x00, 0x10, 0x00, 0x0c, 0x00,
  0x0b, 0x00, 0x04, 0x00, 0x0e, 0x00, 0x00, 0x00, 0x1c, 0x00, 0x00, 0x00,
  0x00, 0x00, 0x00, 0x01, 0x24, 0x00, 0x00, 0x00, 0x28, 0x00, 0x00, 0x00,
  0x0c, 0x00, 0x10, 0x00, 0x00, 0x00, 0x0c, 0x00, 0x08, 0x00, 0x07, 0x00,
  0x0c, 0x00, 0x00, 0x00, 0x00, 0x00, 0x00, 0x01, 0x01, 0x00, 0x00, 0x00,
  0x01, 0x00, 0x00, 0x00, 0x01, 0x00, 0x00, 0x00, 0x0a, 0x00, 0x00, 0x00,
  0x03, 0x00, 0x00, 0x00, 0x00, 0x00, 0x00, 0x00, 0x09, 0x00, 0x00, 0x00,
  0x08, 0x00, 0x00, 0x00, 0x01, 0x00, 0x00, 0x00, 0x11, 0x00, 0x00, 0x00,
  0x01, 0x00, 0x00, 0x00, 0x00, 0x00, 0x00, 0x00, 0x12, 0x00, 0x00, 0x00,
  0xd4, 0x12, 0x00, 0x00, 0x58, 0x12, 0x00, 0x00, 0xb8, 0x11, 0x00, 0x00,
  0x2c, 0x11, 0x00, 0x00, 0x28, 0x0e, 0x00, 0x00, 0x74, 0x0b, 0x00, 0x00,
  0x90, 0x09, 0x00, 0x00, 0xfc, 0x07, 0x00, 0x00, 0xa8, 0x06, 0x00, 0x00,
  0xa4, 0x05, 0x00, 0x00, 0xb0, 0x04, 0x00, 0x00, 0x1c, 0x04, 0x00, 0x00,
  0x28, 0x03, 0x00, 0x00, 0x94, 0x02, 0x00, 0x00, 0xa0, 0x01, 0x00, 0x00,
  0x24, 0x01, 0x00, 0x00, 0x80, 0x00, 0x00, 0x00, 0x04, 0x00, 0x00, 0x00,
  0x8a, 0xed, 0xff, 0xff, 0x00, 0x00, 0x00, 0x01, 0x18, 0x00, 0x00, 0x00,
  0x20, 0x00, 0x00, 0x00, 0x3c, 0x00, 0x00, 0x00, 0x12, 0x00, 0x00, 0x00,
  0x00, 0x00, 0x00, 0x09, 0x50, 0x00, 0x00, 0x00, 0x02, 0x00, 0x00, 0x00,
  0xff, 0xff, 0xff, 0xff, 0x03, 0x00, 0x00, 0x00, 0x6c, 0xed, 0xff, 0xff,
  0x08, 0x00, 0x00, 0x00, 0x10, 0x00, 0x00, 0x00, 0x01, 0x00, 0x00, 0x00,
  0x80, 0xff, 0xff, 0xff, 0xff, 0xff, 0xff, 0xff, 0x01, 0x00, 0x00, 0x00,
  0x00, 0x00, 0x80, 0x3b, 0x1b, 0x00, 0x00, 0x00, 0x53, 0x74, 0x61, 0x74,
  0x65, 0x66, 0x75, 0x6c, 0x50, 0x61, 0x72, 0x74, 0x69, 0x74, 0x69, 0x6f,
  0x6e, 0x65, 0x64, 0x43, 0x61, 0x6c, 0x6c, 0x5f, 0x31, 0x3a, 0x30, 0x00,
  0x02, 0x00, 0x00, 0x00, 0x01, 0x00, 0x00, 0x00, 0x03, 0x00, 0x00, 0x00,
  0x02, 0xee, 0xff, 0xff, 0x00, 0x00, 0x00, 0x01, 0x18, 0x00, 0x00, 0x00,
  0x20, 0x00, 0x00, 0x00, 0x40, 0x00, 0x00, 0x00, 0x11, 0x00, 0x00, 0x00,
  0x00, 0x00, 0x00, 0x09, 0x78, 0x00, 0x00, 0x00, 0x02, 0x00, 0x00, 0x00,
  0xff, 0xff, 0xff, 0xff, 0x03, 0x00, 0x00, 0x00, 0xe4, 0xed, 0xff, 0xff,
  0x08, 0x00, 0x00, 0x00, 0x14, 0x00, 0x00, 0x00, 0x01, 0x00, 0x00, 0x00,
  0xff, 0xff, 0xff, 0xff, 0xff, 0xff, 0xff, 0xff, 0x00, 0x00, 0x00, 0x00,
  0x01, 0x00, 0x00, 0x00, 0x55, 0x77, 0xb4, 0x3e, 0x3c, 0x00, 0x00, 0x00,
  0x68, 0x6f, 0x6d, 0x65, 0x67, 0x75, 0x61, 0x72, 0x64, 0x5f, 0x63, 0x6e,
  0x6e, 0x5f, 0x31, 0x2f, 0x70, 0x72, 0x6f, 0x62, 0x5f, 0x31, 0x2f, 0x4d,
  0x61, 0x74, 0x4d, 0x75, 0x6c, 0x3b, 0x68, 0x6f, 0x6d, 0x65, 0x67, 0x75,
  0x61, 0x72, 0x64, 0x5f, 0x63, 0x6e, 0x6e, 0x5f, 0x31, 0x2f, 0x70, 0x72,
  0x6f, 0x62, 0x5f, 0x31, 0x2f, 0x42, 0x69, 0x61, 0x73, 0x41, 0x64, 0x64,
  0x00, 0x00, 0x00, 0x00, 0x02, 0x00, 0x00, 0x00, 0x01, 0x00, 0x00, 0x00,
  0x03, 0x00, 0x00, 0x00, 0xa2, 0xee, 0xff, 0xff, 0x00, 0x00, 0x00, 0x01,
  0x18, 0x00, 0x00, 0x00, 0x20, 0x00, 0x00, 0x00, 0x3c, 0x00, 0x00, 0x00,
  0x10, 0x00, 0x00, 0x00, 0x00, 0x00, 0x00, 0x09, 0x50, 0x00, 0x00, 0x00,
  0x02, 0x00, 0x00, 0x00, 0xff, 0xff, 0xff, 0xff, 0x30, 0x00, 0x00, 0x00,
  0x84, 0xee, 0xff, 0xff, 0x08, 0x00, 0x00, 0x00, 0x10, 0x00, 0x00, 0x00,
  0x01, 0x00, 0x00, 0x00, 0x80, 0xff, 0xff, 0xff, 0xff, 0xff, 0xff, 0xff,
  0x01, 0x00, 0x00, 0x00, 0x2d, 0x13, 0x77, 0x3d, 0x1a, 0x00, 0x00, 0x00,
  0x68, 0x6f, 0x6d, 0x65, 0x67, 0x75, 0x61, 0x72, 0x64, 0x5f, 0x63, 0x6e,
  0x6e, 0x5f, 0x31, 0x2f, 0x67, 0x61, 0x70, 0x5f, 0x31, 0x2f, 0x4d, 0x65,
  0x61, 0x6e, 0x00, 0x00, 0x02, 0x00, 0x00, 0x00, 0x01, 0x00, 0x00, 0x00,
  0x30, 0x00, 0x00, 0x00, 0x1a, 0xef, 0xff, 0xff, 0x00, 0x00, 0x00, 0x01,
  0x18, 0x00, 0x00, 0x00, 0x28, 0x00, 0x00, 0x00, 0x44, 0x00, 0x00, 0x00,
  0x0f, 0x00, 0x00, 0x00, 0x00, 0x00, 0x00, 0x09, 0xc0, 0x00, 0x00, 0x00,
  0x04, 0x00, 0x00, 0x00, 0xff, 0xff, 0xff, 0xff, 0x08, 0x00, 0x00, 0x00,
  0x0a, 0x00, 0x00, 0x00, 0x30, 0x00, 0x00, 0x00, 0x04, 0xef, 0xff, 0xff,
  0x08, 0x00, 0x00, 0x00, 0x10, 0x00, 0x00, 0x00, 0x01, 0x00, 0x00, 0x00,
  0x80, 0xff, 0xff, 0xff, 0xff, 0xff, 0xff, 0xff, 0x01, 0x00, 0x00, 0x00,
  0x49, 0x4b, 0x37, 0x3e, 0x81, 0x00, 0x00, 0x00, 0x68, 0x6f, 0x6d, 0x65,
  0x67, 0x75, 0x61, 0x72, 0x64, 0x5f, 0x63, 0x6e, 0x6e, 0x5f, 0x31, 0x2f,
  0x63, 0x6f, 0x6e, 0x76, 0x33, 0x5f, 0x31, 0x2f, 0x52, 0x65, 0x6c, 0x75,
  0x3b, 0x68, 0x6f, 0x6d, 0x65, 0x67, 0x75, 0x61, 0x72, 0x64, 0x5f, 0x63,
  0x6e, 0x6e, 0x5f, 0x31, 0x2f, 0x63, 0x6f, 0x6e, 0x76, 0x33, 0x5f, 0x31,
  0x2f, 0x42, 0x69, 0x61, 0x73, 0x41, 0x64, 0x64, 0x3b, 0x68, 0x6f, 0x6d,
  0x65, 0x67, 0x75, 0x61, 0x72, 0x64, 0x5f, 0x63, 0x6e, 0x6e, 0x5f, 0x31,
  0x2f, 0x63, 0x6f, 0x6e, 0x76, 0x33, 0x5f, 0x31, 0x2f, 0x63, 0x6f, 0x6e,
  0x76, 0x6f, 0x6c, 0x75, 0x74, 0x69, 0x6f, 0x6e, 0x3b, 0x68, 0x6f, 0x6d,
  0x65, 0x67, 0x75, 0x61, 0x72, 0x64, 0x5f, 0x63, 0x6e, 0x6e, 0x5f, 0x31,
  0x2f, 0x63, 0x6f, 0x6e, 0x76, 0x33, 0x5f, 0x31, 0x2f, 0x53, 0x71, 0x75,
  0x65, 0x65, 0x7a, 0x65, 0x31, 0x00, 0x00, 0x00, 0x04, 0x00, 0x00, 0x00,
  0x01, 0x00, 0x00, 0x00, 0x08, 0x00, 0x00, 0x00, 0x0a, 0x00, 0x00, 0x00,
  0x30, 0x00, 0x00, 0x00, 0x0a, 0xf0, 0xff, 0xff, 0x00, 0x00, 0x00, 0x01,
  0x18, 0x00, 0x00, 0x00, 0x28, 0x00, 0x00, 0x00, 0x44, 0x00, 0x00, 0x00,
  0x0e, 0x00, 0x00, 0x00, 0x00, 0x00, 0x00, 0x09, 0x60, 0x00, 0x00, 0x00,
  0x04, 0x00, 0x00, 0x00, 0xff, 0xff, 0xff, 0xff, 0x08, 0x00, 0x00, 0x00,
  0x0a, 0x00, 0x00, 0x00, 0x18, 0x00, 0x00, 0x00, 0xf4, 0xef, 0xff, 0xff,
  0x08, 0x00, 0x00, 0x00, 0x10, 0x00, 0x00, 0x00, 0x01, 0x00, 0x00, 0x00,
  0x80, 0xff, 0xff, 0xff, 0xff, 0xff, 0xff, 0xff, 0x01, 0x00, 0x00, 0x00,
  0x12, 0x6b, 0x89, 0x3d, 0x21, 0x00, 0x00, 0x00, 0x68, 0x6f, 0x6d, 0x65,
  0x67, 0x75, 0x61, 0x72, 0x64, 0x5f, 0x63, 0x6e, 0x6e, 0x5f, 0x31, 0x2f,
  0x70, 0x6f, 0x6f, 0x6c, 0x32, 0x5f, 0x31, 0x2f, 0x4d, 0x61, 0x78, 0x50,
  0x6f, 0x6f, 0x6c, 0x32, 0x64, 0x00, 0x00, 0x00, 0x04, 0x00, 0x00, 0x00,
  0x01, 0x00, 0x00, 0x00, 0x08, 0x00, 0x00, 0x00, 0x0a, 0x00, 0x00, 0x00,
  0x18, 0x00, 0x00, 0x00, 0x9a, 0xf0, 0xff, 0xff, 0x00, 0x00, 0x00, 0x01,
  0x18, 0x00, 0x00, 0x00, 0x28, 0x00, 0x00, 0x00, 0x44, 0x00, 0x00, 0x00,
  0x0d, 0x00, 0x00, 0x00, 0x00, 0x00, 0x00, 0x09, 0xc0, 0x00, 0x00, 0x00,
  0x04, 0x00, 0x00, 0x00, 0xff, 0xff, 0xff, 0xff, 0x10, 0x00, 0x00, 0x00,
  0x14, 0x00, 0x00, 0x00, 0x18, 0x00, 0x00, 0x00, 0x84, 0xf0, 0xff, 0xff,
  0x08, 0x00, 0x00, 0x00, 0x10, 0x00, 0x00, 0x00, 0x01, 0x00, 0x00, 0x00,
  0x80, 0xff, 0xff, 0xff, 0xff, 0xff, 0xff, 0xff, 0x01, 0x00, 0x00, 0x00,
  0x12, 0x6b, 0x89, 0x3d, 0x81, 0x00, 0x00, 0x00, 0x68, 0x6f, 0x6d, 0x65,
  0x67, 0x75, 0x61, 0x72, 0x64, 0x5f, 0x63, 0x6e, 0x6e, 0x5f, 0x31, 0x2f,
  0x63, 0x6f, 0x6e, 0x76, 0x32, 0x5f, 0x31, 0x2f, 0x52, 0x65, 0x6c, 0x75,
  0x3b, 0x68, 0x6f, 0x6d, 0x65, 0x67, 0x75, 0x61, 0x72, 0x64, 0x5f, 0x63,
  0x6e, 0x6e, 0x5f, 0x31, 0x2f, 0x63, 0x6f, 0x6e, 0x76, 0x32, 0x5f, 0x31,
  0x2f, 0x42, 0x69, 0x61, 0x73, 0x41, 0x64, 0x64, 0x3b, 0x68, 0x6f, 0x6d,
  0x65, 0x67, 0x75, 0x61, 0x72, 0x64, 0x5f, 0x63, 0x6e, 0x6e, 0x5f, 0x31,
  0x2f, 0x63, 0x6f, 0x6e, 0x76, 0x32, 0x5f, 0x31, 0x2f, 0x63, 0x6f, 0x6e,
  0x76, 0x6f, 0x6c, 0x75, 0x74, 0x69, 0x6f, 0x6e, 0x3b, 0x68, 0x6f, 0x6d,
  0x65, 0x67, 0x75, 0x61, 0x72, 0x64, 0x5f, 0x63, 0x6e, 0x6e, 0x5f, 0x31,
  0x2f, 0x63, 0x6f, 0x6e, 0x76, 0x32, 0x5f, 0x31, 0x2f, 0x53, 0x71, 0x75,
  0x65, 0x65, 0x7a, 0x65, 0x31, 0x00, 0x00, 0x00, 0x04, 0x00, 0x00, 0x00,
  0x01, 0x00, 0x00, 0x00, 0x10, 0x00, 0x00, 0x00, 0x14, 0x00, 0x00, 0x00,
  0x18, 0x00, 0x00, 0x00, 0x8a, 0xf1, 0xff, 0xff, 0x00, 0x00, 0x00, 0x01,
  0x18, 0x00, 0x00, 0x00, 0x28, 0x00, 0x00, 0x00, 0x44, 0x00, 0x00, 0x00,
  0x0c, 0x00, 0x00, 0x00, 0x00, 0x00, 0x00, 0x09, 0x60, 0x00, 0x00, 0x00,
  0x04, 0x00, 0x00, 0x00, 0xff, 0xff, 0xff, 0xff, 0x10, 0x00, 0x00, 0x00,
  0x14, 0x00, 0x00, 0x00, 0x0c, 0x00, 0x00, 0x00, 0x74, 0xf1, 0xff, 0xff,
  0x08, 0x00, 0x00, 0x00, 0x10, 0x00, 0x00, 0x00, 0x01, 0x00, 0x00, 0x00,
  0x80, 0xff, 0xff, 0xff, 0xff, 0xff, 0xff, 0xff, 0x01, 0x00, 0x00, 0x00,
  0x1a, 0x02, 0x08, 0x3d, 0x21, 0x00, 0x00, 0x00, 0x68, 0x6f, 0x6d, 0x65,
  0x67, 0x75, 0x61, 0x72, 0x64, 0x5f, 0x63, 0x6e, 0x6e, 0x5f, 0x31, 0x2f,
  0x70, 0x6f, 0x6f, 0x6c, 0x31, 0x5f, 0x31, 0x2f, 0x4d, 0x61, 0x78, 0x50,
  0x6f, 0x6f, 0x6c, 0x32, 0x64, 0x00, 0x00, 0x00, 0x04, 0x00, 0x00, 0x00,
  0x01, 0x00, 0x00, 0x00, 0x10, 0x00, 0x00, 0x00, 0x14, 0x00, 0x00, 0x00,
  0x0c, 0x00, 0x00, 0x00, 0x1a, 0xf2, 0xff, 0xff, 0x00, 0x00, 0x00, 0x01,
  0x18, 0x00, 0x00, 0x00, 0x28, 0x00, 0x00, 0x00, 0x44, 0x00, 0x00, 0x00,
  0x0b, 0x00, 0x00, 0x00, 0x00, 0x00, 0x00, 0x09, 0xc0, 0x00, 0x00, 0x00,
  0x04, 0x00, 0x00, 0x00, 0xff, 0xff, 0xff, 0xff, 0x20, 0x00, 0x00, 0x00,
  0x28, 0x00, 0x00, 0x00, 0x0c, 0x00, 0x00, 0x00, 0x04, 0xf2, 0xff, 0xff,
  0x08, 0x00, 0x00, 0x00, 0x10, 0x00, 0x00, 0x00, 0x01, 0x00, 0x00, 0x00,
  0x80, 0xff, 0xff, 0xff, 0xff, 0xff, 0xff, 0xff, 0x01, 0x00, 0x00, 0x00,
  0x1a, 0x02, 0x08, 0x3d, 0x81, 0x00, 0x00, 0x00, 0x68, 0x6f, 0x6d, 0x65,
  0x67, 0x75, 0x61, 0x72, 0x64, 0x5f, 0x63, 0x6e, 0x6e, 0x5f, 0x31, 0x2f,
  0x63, 0x6f, 0x6e, 0x76, 0x31, 0x5f, 0x31, 0x2f, 0x52, 0x65, 0x6c, 0x75,
  0x3b, 0x68, 0x6f, 0x6d, 0x65, 0x67, 0x75, 0x61, 0x72, 0x64, 0x5f, 0x63,
  0x6e, 0x6e, 0x5f, 0x31, 0x2f, 0x63, 0x6f, 0x6e, 0x76, 0x31, 0x5f, 0x31,
  0x2f, 0x42, 0x69, 0x61, 0x73, 0x41, 0x64, 0x64, 0x3b, 0x68, 0x6f, 0x6d,
  0x65, 0x67, 0x75, 0x61, 0x72, 0x64, 0x5f, 0x63, 0x6e, 0x6e, 0x5f, 0x31,
  0x2f, 0x63, 0x6f, 0x6e, 0x76, 0x31, 0x5f, 0x31, 0x2f, 0x63, 0x6f, 0x6e,
  0x76, 0x6f, 0x6c, 0x75, 0x74, 0x69, 0x6f, 0x6e, 0x3b, 0x68, 0x6f, 0x6d,
  0x65, 0x67, 0x75, 0x61, 0x72, 0x64, 0x5f, 0x63, 0x6e, 0x6e, 0x5f, 0x31,
  0x2f, 0x63, 0x6f, 0x6e, 0x76, 0x31, 0x5f, 0x31, 0x2f, 0x53, 0x71, 0x75,
  0x65, 0x65, 0x7a, 0x65, 0x31, 0x00, 0x00, 0x00, 0x04, 0x00, 0x00, 0x00,
  0x01, 0x00, 0x00, 0x00, 0x20, 0x00, 0x00, 0x00, 0x28, 0x00, 0x00, 0x00,
  0x0c, 0x00, 0x00, 0x00, 0x82, 0xf3, 0xff, 0xff, 0x00, 0x00, 0x00, 0x01,
  0x14, 0x00, 0x00, 0x00, 0xb8, 0x00, 0x00, 0x00, 0x0a, 0x00, 0x00, 0x00,
  0x00, 0x00, 0x00, 0x09, 0xd4, 0x00, 0x00, 0x00, 0xdc, 0xf2, 0xff, 0xff,
  0x08, 0x00, 0x00, 0x00, 0x6c, 0x00, 0x00, 0x00, 0x0c, 0x00, 0x00, 0x00,
  0x00, 0x00, 0x00, 0x00, 0x00, 0x00, 0x00, 0x00, 0x00, 0x00, 0x00, 0x00,
  0x00, 0x00, 0x00, 0x00, 0x00, 0x00, 0x00, 0x00, 0x00, 0x00, 0x00, 0x00,
  0x00, 0x00, 0x00, 0x00, 0x00, 0x00, 0x00, 0x00, 0x00, 0x00, 0x00, 0x00,
  0x00, 0x00, 0x00, 0x00, 0x00, 0x00, 0x00, 0x00, 0x00, 0x00, 0x00, 0x00,
  0x00, 0x00, 0x00, 0x00, 0x00, 0x00, 0x00, 0x00, 0x00, 0x00, 0x00, 0x00,
  0x00, 0x00, 0x00, 0x00, 0x00, 0x00, 0x00, 0x00, 0x00, 0x00, 0x00, 0x00,
  0x00, 0x00, 0x00, 0x00, 0x00, 0x00, 0x00, 0x00, 0x00, 0x00, 0x00, 0x00,
  0x00, 0x00, 0x00, 0x00, 0x00, 0x00, 0x00, 0x00, 0x00, 0x00, 0x00, 0x00,
  0x00, 0x00, 0x00, 0x00, 0x0c, 0x00, 0x00, 0x00, 0x2a, 0x23, 0x5f, 0x3b,
  0xb7, 0x19, 0x0d, 0x3b, 0x97, 0x3f, 0x54, 0x3b, 0x62, 0x7e, 0x21, 0x3b,
  0x7a, 0x38, 0x20, 0x3b, 0xac, 0x6b, 0x20, 0x3b, 0xda, 0xa0, 0x15, 0x3b,
  0x67, 0x1c, 0x12, 0x3b, 0xc7, 0xeb, 0x3c, 0x3b, 0x20, 0x42, 0x30, 0x3b,
  0x71, 0xd6, 0x0b, 0x3b, 0xb4, 0x2b, 0x1a, 0x3b, 0x23, 0x00, 0x00, 0x00,
  0x68, 0x6f, 0x6d, 0x65, 0x67, 0x75, 0x61, 0x72, 0x64, 0x5f, 0x63, 0x6e,
  0x6e, 0x5f, 0x31, 0x2f, 0x63, 0x6f, 0x6e, 0x76, 0x31, 0x5f, 0x31, 0x2f,
  0x63, 0x6f, 0x6e, 0x76, 0x6f, 0x6c, 0x75, 0x74, 0x69, 0x6f, 0x6e, 0x00,
  0x04, 0x00, 0x00, 0x00, 0x0c, 0x00, 0x00, 0x00, 0x03, 0x00, 0x00, 0x00,
  0x03, 0x00, 0x00, 0x00, 0x01, 0x00, 0x00, 0x00, 0x82, 0xf4, 0xff, 0xff,
  0x00, 0x00, 0x00, 0x01, 0x14, 0x00, 0x00, 0x00, 0xb4, 0x00, 0x00, 0x00,
  0x09, 0x00, 0x00, 0x00, 0x00, 0x00, 0x00, 0x02, 0x30, 0x01, 0x00, 0x00,
  0xdc, 0xf3, 0xff, 0xff, 0x08, 0x00, 0x00, 0x00, 0x68, 0x00, 0x00, 0x00,
  0x0c, 0x00, 0x00, 0x00, 0x00, 0x00, 0x00, 0x00, 0x00, 0x00, 0x00, 0x00,
  0x00, 0x00, 0x00, 0x00, 0x00, 0x00, 0x00, 0x00, 0x00, 0x00, 0x00, 0x00,
  0x00, 0x00, 0x00, 0x00, 0x00, 0x00, 0x00, 0x00, 0x00, 0x00, 0x00, 0x00,
  0x00, 0x00, 0x00, 0x00, 0x00, 0x00, 0x00, 0x00, 0x00, 0x00, 0x00, 0x00,
  0x00, 0x00, 0x00, 0x00, 0x00, 0x00, 0x00, 0x00, 0x00, 0x00, 0x00, 0x00,
  0x00, 0x00, 0x00, 0x00, 0x00, 0x00, 0x00, 0x00, 0x00, 0x00, 0x00, 0x00,
  0x00, 0x00, 0x00, 0x00, 0x00, 0x00, 0x00, 0x00, 0x00, 0x00, 0x00, 0x00,
  0x00, 0x00, 0x00, 0x00, 0x00, 0x00, 0x00, 0x00, 0x00, 0x00, 0x00, 0x00,
  0x00, 0x00, 0x00, 0x00, 0x0c, 0x00, 0x00, 0x00, 0x75, 0x29, 0x6f, 0x39,
  0xcb, 0x3b, 0x17, 0x39, 0xb2, 0x7d, 0x63, 0x39, 0x62, 0x17, 0x2d, 0x39,
  0x12, 0xba, 0x2b, 0x39, 0xf1, 0xf0, 0x2b, 0x39, 0xb6, 0x5f, 0x20, 0x39,
  0x98, 0x9a, 0x1c, 0x39, 0x04, 0x7d, 0x4a, 0x39, 0x91, 0xea, 0x3c, 0x39,
  0x4d, 0xe1, 0x15, 0x39, 0x12, 0x3e, 0x25, 0x39, 0x80, 0x00, 0x00, 0x00,
  0x68, 0x6f, 0x6d, 0x65, 0x67, 0x75, 0x61, 0x72, 0x64, 0x5f, 0x63, 0x6e,
  0x6e, 0x5f, 0x31, 0x2f, 0x63, 0x6f, 0x6e, 0x76, 0x31, 0x5f, 0x31, 0x2f,
  0x52, 0x65, 0x6c, 0x75, 0x3b, 0x68, 0x6f, 0x6d, 0x65, 0x67, 0x75, 0x61,
  0x72, 0x64, 0x5f, 0x63, 0x6e, 0x6e, 0x5f, 0x31, 0x2f, 0x63, 0x6f, 0x6e,
  0x76, 0x31, 0x5f, 0x31, 0x2f, 0x42, 0x69, 0x61, 0x73, 0x41, 0x64, 0x64,
  0x3b, 0x68, 0x6f, 0x6d, 0x65, 0x67, 0x75, 0x61, 0x72, 0x64, 0x5f, 0x63,
  0x6e, 0x6e, 0x5f, 0x31, 0x2f, 0x63, 0x6f, 0x6e, 0x76, 0x31, 0x5f, 0x31,
  0x2f, 0x63, 0x6f, 0x6e, 0x76, 0x6f, 0x6c, 0x75, 0x74, 0x69, 0x6f, 0x6e,
  0x3b, 0x68, 0x6f, 0x6d, 0x65, 0x67, 0x75, 0x61, 0x72, 0x64, 0x5f, 0x63,
  0x6e, 0x6e, 0x5f, 0x31, 0x2f, 0x63, 0x6f, 0x6e, 0x76, 0x31, 0x5f, 0x31,
  0x2f, 0x53, 0x71, 0x75, 0x65, 0x65, 0x7a, 0x65, 0x00, 0x00, 0x00, 0x00,
  0x01, 0x00, 0x00, 0x00, 0x0c, 0x00, 0x00, 0x00, 0xd2, 0xf5, 0xff, 0xff,
  0x00, 0x00, 0x00, 0x01, 0x14, 0x00, 0x00, 0x00, 0x48, 0x01, 0x00, 0x00,
  0x08, 0x00, 0x00, 0x00, 0x00, 0x00, 0x00, 0x09, 0x64, 0x01, 0x00, 0x00,
  0x2c, 0xf5, 0xff, 0xff, 0x08, 0x00, 0x00, 0x00, 0xcc, 0x00, 0x00, 0x00,
  0x18, 0x00, 0x00, 0x00, 0x00, 0x00, 0x00, 0x00, 0x00, 0x00, 0x00, 0x00,
  0x00, 0x00, 0x00, 0x00, 0x00, 0x00, 0x00, 0x00, 0x00, 0x00, 0x00, 0x00,
  0x00, 0x00, 0x00, 0x00, 0x00, 0x00, 0x00, 0x00, 0x00, 0x00, 0x00, 0x00,
  0x00, 0x00, 0x00, 0x00, 0x00, 0x00, 0x00, 0x00, 0x00, 0x00, 0x00, 0x00,
  0x00, 0x00, 0x00, 0x00, 0x00, 0x00, 0x00, 0x00, 0x00, 0x00, 0x00, 0x00,
  0x00, 0x00, 0x00, 0x00, 0x00, 0x00, 0x00, 0x00, 0x00, 0x00, 0x00, 0x00,
  0x00, 0x00, 0x00, 0x00, 0x00, 0x00, 0x00, 0x00, 0x00, 0x00, 0x00, 0x00,
  0x00, 0x00, 0x00, 0x00, 0x00, 0x00, 0x00, 0x00, 0x00, 0x00, 0x00, 0x00,
  0x00, 0x00, 0x00, 0x00, 0x00, 0x00, 0x00, 0x00, 0x00, 0x00, 0x00, 0x00,
  0x00, 0x00, 0x00, 0x00, 0x00, 0x00, 0x00, 0x00, 0x00, 0x00, 0x00, 0x00,
  0x00, 0x00, 0x00, 0x00, 0x00, 0x00, 0x00, 0x00, 0x00, 0x00, 0x00, 0x00,
  0x00, 0x00, 0x00, 0x00, 0x00, 0x00, 0x00, 0x00, 0x00, 0x00, 0x00, 0x00,
  0x00, 0x00, 0x00, 0x00, 0x00, 0x00, 0x00, 0x00, 0x00, 0x00, 0x00, 0x00,
  0x00, 0x00, 0x00, 0x00, 0x00, 0x00, 0x00, 0x00, 0x00, 0x00, 0x00, 0x00,
  0x00, 0x00, 0x00, 0x00, 0x00, 0x00, 0x00, 0x00, 0x00, 0x00, 0x00, 0x00,
  0x00, 0x00, 0x00, 0x00, 0x00, 0x00, 0x00, 0x00, 0x00, 0x00, 0x00, 0x00,
  0x00, 0x00, 0x00, 0x00, 0x00, 0x00, 0x00, 0x00, 0x18, 0x00, 0x00, 0x00,
  0x35, 0x6b, 0x0b, 0x3b, 0x64, 0x09, 0xef, 0x3a, 0x0f, 0x12, 0xe7, 0x3a,
  0xae, 0xfa, 0x19, 0x3b, 0xf7, 0x1b, 0xe8, 0x3a, 0x25, 0x6d, 0xee, 0x3a,
  0x43, 0x24, 0x0a, 0x3b, 0x38, 0x0c, 0x25, 0x3b, 0xd2, 0xda, 0x32, 0x3b,
  0xcf, 0x6c, 0x0a, 0x3b, 0xae, 0xeb, 0xf2, 0x3a, 0x57, 0x54, 0xeb, 0x3a,
  0x50, 0xcd, 0x22, 0x3b, 0xd8, 0x6f, 0xda, 0x3a, 0x84, 0xd9, 0x17, 0x3b,
  0xa7, 0xb2, 0x1e, 0x3b, 0x44, 0x55, 0x1f, 0x3b, 0xc5, 0xd5, 0xe7, 0x3a,
  0x2d, 0x01, 0xe7, 0x3a, 0x33, 0xfa, 0x01, 0x3b, 0xc5, 0xb5, 0x51, 0x3b,
  0x0a, 0x35, 0x05, 0x3b, 0x2f, 0x7c, 0x36, 0x3b, 0xf0, 0x34, 0xf8, 0x3a,
  0x23, 0x00, 0x00, 0x00, 0x68, 0x6f, 0x6d, 0x65, 0x67, 0x75, 0x61, 0x72,
  0x64, 0x5f, 0x63, 0x6e, 0x6e, 0x5f, 0x31, 0x2f, 0x63, 0x6f, 0x6e, 0x76,
  0x32, 0x5f, 0x31, 0x2f, 0x63, 0x6f, 0x6e, 0x76, 0x6f, 0x6c, 0x75, 0x74,
  0x69, 0x6f, 0x6e, 0x00, 0x04, 0x00, 0x00, 0x00, 0x18, 0x00, 0x00, 0x00,
  0x03, 0x00, 0x00, 0x00, 0x03, 0x00, 0x00, 0x00, 0x0c, 0x00, 0x00, 0x00,
  0x62, 0xf7, 0xff, 0xff, 0x00, 0x00, 0x00, 0x01, 0x14, 0x00, 0x00, 0x00,
  0x44, 0x01, 0x00, 0x00, 0x07, 0x00, 0x00, 0x00, 0x00, 0x00, 0x00, 0x02,
  0xc0, 0x01, 0x00, 0x00, 0xbc, 0xf6, 0xff, 0xff, 0x08, 0x00, 0x00, 0x00,
  0xc8, 0x00, 0x00, 0x00, 0x18, 0x00, 0x00, 0x00, 0x00, 0x00, 0x00, 0x00,
  0x00, 0x00, 0x00, 0x00, 0x00, 0x00, 0x00, 0x00, 0x00, 0x00, 0x00, 0x00,
  0x00, 0x00, 0x00, 0x00, 0x00, 0x00, 0x00, 0x00, 0x00, 0x00, 0x00, 0x00,
  0x00, 0x00, 0x00, 0x00, 0x00, 0x00, 0x00, 0x00, 0x00, 0x00, 0x00, 0x00,
  0x00, 0x00, 0x00, 0x00, 0x00, 0x00, 0x00, 0x00, 0x00, 0x00, 0x00, 0x00,
  0x00, 0x00, 0x00, 0x00, 0x00, 0x00, 0x00, 0x00, 0x00, 0x00, 0x00, 0x00,
  0x00, 0x00, 0x00, 0x00, 0x00, 0x00, 0x00, 0x00, 0x00, 0x00, 0x00, 0x00,
  0x00, 0x00, 0x00, 0x00, 0x00, 0x00, 0x00, 0x00, 0x00, 0x00, 0x00, 0x00,
  0x00, 0x00, 0x00, 0x00, 0x00, 0x00, 0x00, 0x00, 0x00, 0x00, 0x00, 0x00,
  0x00, 0x00, 0x00, 0x00, 0x00, 0x00, 0x00, 0x00, 0x00, 0x00, 0x00, 0x00,
  0x00, 0x00, 0x00, 0x00, 0x00, 0x00, 0x00, 0x00, 0x00, 0x00, 0x00, 0x00,
  0x00, 0x00, 0x00, 0x00, 0x00, 0x00, 0x00, 0x00, 0x00, 0x00, 0x00, 0x00,
  0x00, 0x00, 0x00, 0x00, 0x00, 0x00, 0x00, 0x00, 0x00, 0x00, 0x00, 0x00,
  0x00, 0x00, 0x00, 0x00, 0x00, 0x00, 0x00, 0x00, 0x00, 0x00, 0x00, 0x00,
  0x00, 0x00, 0x00, 0x00, 0x00, 0x00, 0x00, 0x00, 0x00, 0x00, 0x00, 0x00,
  0x00, 0x00, 0x00, 0x00, 0x00, 0x00, 0x00, 0x00, 0x00, 0x00, 0x00, 0x00,
  0x00, 0x00, 0x00, 0x00, 0x00, 0x00, 0x00, 0x00, 0x18, 0x00, 0x00, 0x00,
  0x32, 0x24, 0x94, 0x38, 0xe7, 0xfd, 0x7d, 0x38, 0xfb, 0x86, 0x75, 0x38,
  0xe0, 0x9c, 0xa3, 0x38, 0x86, 0xa1, 0x76, 0x38, 0xe1, 0x57, 0x7d, 0x38,
  0xcc, 0xc8, 0x92, 0x38, 0xb1, 0x5f, 0xaf, 0x38, 0x6f, 0x0b, 0xbe, 0x38,
  0xe2, 0x15, 0x93, 0x38, 0x33, 0x0f, 0x81, 0x38, 0x7a, 0x0d, 0x7a, 0x38,
  0xd1, 0xfc, 0xac, 0x38, 0x6c, 0x1a, 0x68, 0x38, 0x9a, 0x59, 0xa1, 0x38,
  0x6c, 0xa0, 0xa8, 0x38, 0x36, 0x4d, 0xa9, 0x38, 0xf0, 0x56, 0x76, 0x38,
  0x0b, 0x75, 0x75, 0x38, 0xf8, 0x1b, 0x8a, 0x38, 0x93, 0xd4, 0xde, 0x38,
  0x8b, 0x8a, 0x8d, 0x38, 0xf1, 0xe6, 0xc1, 0x38, 0x29, 0xde, 0x83, 0x38,
  0x80, 0x00, 0x00, 0x00, 0x68, 0x6f, 0x6d, 0x65, 0x67, 0x75, 0x61, 0x72,
  0x64, 0x5f, 0x63, 0x6e, 0x6e, 0x5f, 0x31, 0x2f, 0x63, 0x6f, 0x6e, 0x76,
  0x32, 0x5f, 0x31, 0x2f, 0x52, 0x65, 0x6c, 0x75, 0x3b, 0x68, 0x6f, 0x6d,
  0x65, 0x67, 0x75, 0x61, 0x72, 0x64, 0x5f, 0x63, 0x6e, 0x6e, 0x5f, 0x31,
  0x2f, 0x63, 0x6f, 0x6e, 0x76, 0x32, 0x5f, 0x31, 0x2f, 0x42, 0x69, 0x61,
  0x73, 0x41, 0x64, 0x64, 0x3b, 0x68, 0x6f, 0x6d, 0x65, 0x67, 0x75, 0x61,
  0x72, 0x64, 0x5f, 0x63, 0x6e, 0x6e, 0x5f, 0x31, 0x2f, 0x63, 0x6f, 0x6e,
  0x76, 0x32, 0x5f, 0x31, 0x2f, 0x63, 0x6f, 0x6e, 0x76, 0x6f, 0x6c, 0x75,
  0x74, 0x69, 0x6f, 0x6e, 0x3b, 0x68, 0x6f, 0x6d, 0x65, 0x67, 0x75, 0x61,
  0x72, 0x64, 0x5f, 0x63, 0x6e, 0x6e, 0x5f, 0x31, 0x2f, 0x63, 0x6f, 0x6e,
  0x76, 0x32, 0x5f, 0x31, 0x2f, 0x53, 0x71, 0x75, 0x65, 0x65, 0x7a, 0x65,
  0x00, 0x00, 0x00, 0x00, 0x01, 0x00, 0x00, 0x00, 0x18, 0x00, 0x00, 0x00,
  0x42, 0xf9, 0xff, 0xff, 0x00, 0x00, 0x00, 0x01, 0x14, 0x00, 0x00, 0x00,
  0x68, 0x02, 0x00, 0x00, 0x06, 0x00, 0x00, 0x00, 0x00, 0x00, 0x00, 0x09,
  0x84, 0x02, 0x00, 0x00, 0x9c, 0xf8, 0xff, 0xff, 0x08, 0x00, 0x00, 0x00,
  0x8c, 0x01, 0x00, 0x00, 0x30, 0x00, 0x00, 0x00, 0x00, 0x00, 0x00, 0x00,
  0x00, 0x00, 0x00, 0x00, 0x00, 0x00, 0x00, 0x00, 0x00, 0x00, 0x00, 0x00,
  0x00, 0x00, 0x00, 0x00, 0x00, 0x00, 0x00, 0x00, 0x00, 0x00, 0x00, 0x00,
  0x00, 0x00, 0x00, 0x00, 0x00, 0x00, 0x00, 0x00, 0x00, 0x00, 0x00, 0x00,
  0x00, 0x00, 0x00, 0x00, 0x00, 0x00, 0x00, 0x00, 0x00, 0x00, 0x00, 0x00,
  0x00, 0x00, 0x00, 0x00, 0x00, 0x00, 0x00, 0x00, 0x00, 0x00, 0x00, 0x00,
  0x00, 0x00, 0x00, 0x00, 0x00, 0x00, 0x00, 0x00, 0x00, 0x00, 0x00, 0x00,
  0x00, 0x00, 0x00, 0x00, 0x00, 0x00, 0x00, 0x00, 0x00, 0x00, 0x00, 0x00,
  0x00, 0x00, 0x00, 0x00, 0x00, 0x00, 0x00, 0x00, 0x00, 0x00, 0x00, 0x00,
  0x00, 0x00, 0x00, 0x00, 0x00, 0x00, 0x00, 0x00, 0x00, 0x00, 0x00, 0x00,
  0x00, 0x00, 0x00, 0x00, 0x00, 0x00, 0x00, 0x00, 0x00, 0x00, 0x00, 0x00,
  0x00, 0x00, 0x00, 0x00, 0x00, 0x00, 0x00, 0x00, 0x00, 0x00, 0x00, 0x00,
  0x00, 0x00, 0x00, 0x00, 0x00, 0x00, 0x00, 0x00, 0x00, 0x00, 0x00, 0x00,
  0x00, 0x00, 0x00, 0x00, 0x00, 0x00, 0x00, 0x00, 0x00, 0x00, 0x00, 0x00,
  0x00, 0x00, 0x00, 0x00, 0x00, 0x00, 0x00, 0x00, 0x00, 0x00, 0x00, 0x00,
  0x00, 0x00, 0x00, 0x00, 0x00, 0x00, 0x00, 0x00, 0x00, 0x00, 0x00, 0x00,
  0x00, 0x00, 0x00, 0x00, 0x00, 0x00, 0x00, 0x00, 0x00, 0x00, 0x00, 0x00,
  0x00, 0x00, 0x00, 0x00, 0x00, 0x00, 0x00, 0x00, 0x00, 0x00, 0x00, 0x00,
  0x00, 0x00, 0x00, 0x00, 0x00, 0x00, 0x00, 0x00, 0x00, 0x00, 0x00, 0x00,
  0x00, 0x00, 0x00, 0x00, 0x00, 0x00, 0x00, 0x00, 0x00, 0x00, 0x00, 0x00,
  0x00, 0x00, 0x00, 0x00, 0x00, 0x00, 0x00, 0x00, 0x00, 0x00, 0x00, 0x00,
  0x00, 0x00, 0x00, 0x00, 0x00, 0x00, 0x00, 0x00, 0x00, 0x00, 0x00, 0x00,
  0x00, 0x00, 0x00, 0x00, 0x00, 0x00, 0x00, 0x00, 0x00, 0x00, 0x00, 0x00,
  0x00, 0x00, 0x00, 0x00, 0x00, 0x00, 0x00, 0x00, 0x00, 0x00, 0x00, 0x00,
  0x00, 0x00, 0x00, 0x00, 0x00, 0x00, 0x00, 0x00, 0x00, 0x00, 0x00, 0x00,
  0x00, 0x00, 0x00, 0x00, 0x00, 0x00, 0x00, 0x00, 0x00, 0x00, 0x00, 0x00,
  0x00, 0x00, 0x00, 0x00, 0x00, 0x00, 0x00, 0x00, 0x00, 0x00, 0x00, 0x00,
  0x00, 0x00, 0x00, 0x00, 0x00, 0x00, 0x00, 0x00, 0x00, 0x00, 0x00, 0x00,
  0x00, 0x00, 0x00, 0x00, 0x00, 0x00, 0x00, 0x00, 0x00, 0x00, 0x00, 0x00,
  0x00, 0x00, 0x00, 0x00, 0x00, 0x00, 0x00, 0x00, 0x00, 0x00, 0x00, 0x00,
  0x00, 0x00, 0x00, 0x00, 0x00, 0x00, 0x00, 0x00, 0x00, 0x00, 0x00, 0x00,
  0x00, 0x00, 0x00, 0x00, 0x00, 0x00, 0x00, 0x00, 0x00, 0x00, 0x00, 0x00,
  0x00, 0x00, 0x00, 0x00, 0x00, 0x00, 0x00, 0x00, 0x00, 0x00, 0x00, 0x00,
  0x30, 0x00, 0x00, 0x00, 0x7c, 0xba, 0x48, 0x3b, 0x09, 0xd9, 0x19, 0x3b,
  0x16, 0xe6, 0xe0, 0x3a, 0x79, 0xeb, 0xdf, 0x3a, 0x70, 0x51, 0x38, 0x3b,
  0x05, 0xff, 0x28, 0x3b, 0x55, 0x9f, 0x08, 0x3b, 0x95, 0x58, 0x32, 0x3b,
  0xe5, 0xc7, 0x29, 0x3b, 0x81, 0x79, 0x1b, 0x3b, 0xf5, 0x2b, 0x21, 0x3b,
  0x7b, 0xca, 0x4f, 0x3b, 0x2e, 0xc3, 0x77, 0x3b, 0x06, 0x9f, 0x44, 0x3b,
  0xed, 0x1f, 0x10, 0x3b, 0x03, 0x88, 0xfa, 0x3a, 0x46, 0x07, 0x0a, 0x3b,
  0x3b, 0x95, 0xf9, 0x3a, 0x3e, 0xfe, 0x2f, 0x3b, 0xfb, 0x4b, 0xa4, 0x3b,
  0x11, 0x4d, 0xf7, 0x3a, 0xab, 0x0e, 0xec, 0x3a, 0x5d, 0xca, 0x66, 0x3b,
  0x5e, 0xd2, 0x4c, 0x3b, 0xde, 0x55, 0xe6, 0x3a, 0xde, 0x41, 0x61, 0x3a,
  0xe0, 0x7b, 0x00, 0x3b, 0x11, 0xab, 0x43, 0x3b, 0x5b, 0x1f, 0x0d, 0x3b,
  0x52, 0x14, 0x15, 0x3b, 0xd1, 0xda, 0x0a, 0x3b, 0x0e, 0xce, 0x07, 0x3b,
  0xd6, 0xb6, 0x03, 0x3b, 0xac, 0xab, 0x25, 0x3b, 0x27, 0x81, 0xf2, 0x3a,
  0x33, 0x74, 0x20, 0x3b, 0x5f, 0xac, 0x07, 0x3b, 0xf0, 0x7c, 0x3f, 0x3b,
  0xa7, 0x23, 0x11, 0x3b, 0xb1, 0x35, 0x06, 0x3b, 0x04, 0x87, 0x00, 0x3b,
  0x2a, 0x1a, 0x4e, 0x3b, 0x50, 0xbb, 0xa8, 0x3b, 0x39, 0x96, 0x07, 0x3b,
  0x0a, 0x5b, 0x21, 0x3b, 0xfd, 0x8c, 0x14, 0x3b, 0xa1, 0x11, 0x64, 0x3b,
  0x64, 0x16, 0xda, 0x3a, 0x23, 0x00, 0x00, 0x00, 0x68, 0x6f, 0x6d, 0x65,
  0x67, 0x75, 0x61, 0x72, 0x64, 0x5f, 0x63, 0x6e, 0x6e, 0x5f, 0x31, 0x2f,
  0x63, 0x6f, 0x6e, 0x76, 0x33, 0x5f, 0x31, 0x2f, 0x63, 0x6f, 0x6e, 0x76,
  0x6f, 0x6c, 0x75, 0x74, 0x69, 0x6f, 0x6e, 0x00, 0x04, 0x00, 0x00, 0x00,
  0x30, 0x00, 0x00, 0x00, 0x03, 0x00, 0x00, 0x00, 0x03, 0x00, 0x00, 0x00,
  0x18, 0x00, 0x00, 0x00, 0xf2, 0xfb, 0xff, 0xff, 0x00, 0x00, 0x00, 0x01,
  0x14, 0x00, 0x00, 0x00, 0x64, 0x02, 0x00, 0x00, 0x05, 0x00, 0x00, 0x00,
  0x00, 0x00, 0x00, 0x02, 0xe0, 0x02, 0x00, 0x00, 0x4c, 0xfb, 0xff, 0xff,
  0x08, 0x00, 0x00, 0x00, 0x88, 0x01, 0x00, 0x00, 0x30, 0x00, 0x00, 0x00,
  0x00, 0x00, 0x00, 0x00, 0x00, 0x00, 0x00, 0x00, 0x00, 0x00, 0x00, 0x00,
  0x00, 0x00, 0x00, 0x00, 0x00, 0x00, 0x00, 0x00, 0x00, 0x00, 0x00, 0x00,
  0x00, 0x00, 0x00, 0x00, 0x00, 0x00, 0x00, 0x00, 0x00, 0x00, 0x00, 0x00,
  0x00, 0x00, 0x00, 0x00, 0x00, 0x00, 0x00, 0x00, 0x00, 0x00, 0x00, 0x00,
  0x00, 0x00, 0x00, 0x00, 0x00, 0x00, 0x00, 0x00, 0x00, 0x00, 0x00, 0x00,
  0x00, 0x00, 0x00, 0x00, 0x00, 0x00, 0x00, 0x00, 0x00, 0x00, 0x00, 0x00,
  0x00, 0x00, 0x00, 0x00, 0x00, 0x00, 0x00, 0x00, 0x00, 0x00, 0x00, 0x00,
  0x00, 0x00, 0x00, 0x00, 0x00, 0x00, 0x00, 0x00, 0x00, 0x00, 0x00, 0x00,
  0x00, 0x00, 0x00, 0x00, 0x00, 0x00, 0x00, 0x00, 0x00, 0x00, 0x00, 0x00,
  0x00, 0x00, 0x00, 0x00, 0x00, 0x00, 0x00, 0x00, 0x00, 0x00, 0x00, 0x00,
  0x00, 0x00, 0x00, 0x00, 0x00, 0x00, 0x00, 0x00, 0x00, 0x00, 0x00, 0x00,
  0x00, 0x00, 0x00, 0x00, 0x00, 0x00, 0x00, 0x00, 0x00, 0x00, 0x00, 0x00,
  0x00, 0x00, 0x00, 0x00, 0x00, 0x00, 0x00, 0x00, 0x00, 0x00, 0x00, 0x00,
  0x00, 0x00, 0x00, 0x00, 0x00, 0x00, 0x00, 0x00, 0x00, 0x00, 0x00, 0x00,
  0x00, 0x00, 0x00, 0x00, 0x00, 0x00, 0x00, 0x00, 0x00, 0x00, 0x00, 0x00,
  0x00, 0x00, 0x00, 0x00, 0x00, 0x00, 0x00, 0x00, 0x00, 0x00, 0x00, 0x00,
  0x00, 0x00, 0x00, 0x00, 0x00, 0x00, 0x00, 0x00, 0x00, 0x00, 0x00, 0x00,
  0x00, 0x00, 0x00, 0x00, 0x00, 0x00, 0x00, 0x00, 0x00, 0x00, 0x00, 0x00,
  0x00, 0x00, 0x00, 0x00, 0x00, 0x00, 0x00, 0x00, 0x00, 0x00, 0x00, 0x00,
  0x00, 0x00, 0x00, 0x00, 0x00, 0x00, 0x00, 0x00, 0x00, 0x00, 0x00, 0x00,
  0x00, 0x00, 0x00, 0x00, 0x00, 0x00, 0x00, 0x00, 0x00, 0x00, 0x00, 0x00,
  0x00, 0x00, 0x00, 0x00, 0x00, 0x00, 0x00, 0x00, 0x00, 0x00, 0x00, 0x00,
  0x00, 0x00, 0x00, 0x00, 0x00, 0x00, 0x00, 0x00, 0x00, 0x00, 0x00, 0x00,
  0x00, 0x00, 0x00, 0x00, 0x00, 0x00, 0x00, 0x00, 0x00, 0x00, 0x00, 0x00,
  0x00, 0x00, 0x00, 0x00, 0x00, 0x00, 0x00, 0x00, 0x00, 0x00, 0x00, 0x00,
  0x00, 0x00, 0x00, 0x00, 0x00, 0x00, 0x00, 0x00, 0x00, 0x00, 0x00, 0x00,
  0x00, 0x00, 0x00, 0x00, 0x00, 0x00, 0x00, 0x00, 0x00, 0x00, 0x00, 0x00,
  0x00, 0x00, 0x00, 0x00, 0x00, 0x00, 0x00, 0x00, 0x00, 0x00, 0x00, 0x00,
  0x00, 0x00, 0x00, 0x00, 0x00, 0x00, 0x00, 0x00, 0x00, 0x00, 0x00, 0x00,
  0x00, 0x00, 0x00, 0x00, 0x00, 0x00, 0x00, 0x00, 0x00, 0x00, 0x00, 0x00,
  0x00, 0x00, 0x00, 0x00, 0x00, 0x00, 0x00, 0x00, 0x00, 0x00, 0x00, 0x00,
  0x00, 0x00, 0x00, 0x00, 0x00, 0x00, 0x00, 0x00, 0x00, 0x00, 0x00, 0x00,
  0x30, 0x00, 0x00, 0x00, 0x81, 0x7f, 0x57, 0x39, 0xfd, 0x2a, 0x25, 0x39,
  0x64, 0x72, 0xf1, 0x38, 0x56, 0x65, 0xf0, 0x38, 0x58, 0xe1, 0x45, 0x39,
  0x50, 0x6e, 0x35, 0x39, 0xd1, 0xac, 0x12, 0x39, 0xff, 0x77, 0x3f, 0x39,
  0xf8, 0x45, 0x36, 0x39, 0x1a, 0xea, 0x26, 0x39, 0xde, 0x07, 0x2d, 0x39,
  0x88, 0x14, 0x5f, 0x39, 0x14, 0xff, 0x84, 0x39, 0xad, 0x16, 0x53, 0x39,
  0xbb, 0xba, 0x1a, 0x39, 0x92, 0x7b, 0x06, 0x39, 0x3e, 0x2f, 0x14, 0x39,
  0x3f, 0xf9, 0x05, 0x39, 0x56, 0xf1, 0x3c, 0x39, 0xc1, 0x62, 0xb0, 0x39,
  0xad, 0xbf, 0x04, 0x39, 0x28, 0x6d, 0xfd, 0x38, 0xa5, 0xc5, 0x77, 0x39,
  0x7d, 0xe4, 0x5b, 0x39, 0x94, 0x48, 0xf7, 0x38, 0xec, 0xd4, 0x71, 0x38,
  0x0f, 0xf0, 0x09, 0x39, 0xc5, 0x10, 0x52, 0x39, 0x9b, 0x81, 0x17, 0x39,
  0x74, 0x0c, 0x20, 0x39, 0x5a, 0x12, 0x15, 0x39, 0x24, 0xcc, 0x11, 0x39,
  0xde, 0x67, 0x0d, 0x39, 0x53, 0xdc, 0x31, 0x39, 0x8b, 0x2c, 0x02, 0x39,
  0x96, 0x42, 0x2c, 0x39, 0xfb, 0xa7, 0x11, 0x39, 0xe6, 0x93, 0x4d, 0x39,
  0x91, 0xd1, 0x1b, 0x39, 0xbb, 0x15, 0x10, 0x39, 0x05, 0xfc, 0x09, 0x39,
  0x68, 0x44, 0x5d, 0x39, 0xa0, 0x25, 0xb5, 0x39, 0x34, 0x90, 0x11, 0x39,
  0x69, 0x3a, 0x2d, 0x39, 0x2a, 0x7b, 0x1f, 0x39, 0xa5, 0xd9, 0x74, 0x39,
  0x64, 0x22, 0xea, 0x38, 0x80, 0x00, 0x00, 0x00, 0x68, 0x6f, 0x6d, 0x65,
  0x67, 0x75, 0x61, 0x72, 0x64, 0x5f, 0x63, 0x6e, 0x6e, 0x5f, 0x31, 0x2f,
  0x63, 0x6f, 0x6e, 0x76, 0x33, 0x5f, 0x31, 0x2f, 0x52, 0x65, 0x6c, 0x75,
  0x3b, 0x68, 0x6f, 0x6d, 0x65, 0x67, 0x75, 0x61, 0x72, 0x64, 0x5f, 0x63,
  0x6e, 0x6e, 0x5f, 0x31, 0x2f, 0x63, 0x6f, 0x6e, 0x76, 0x33, 0x5f, 0x31,
  0x2f, 0x42, 0x69, 0x61, 0x73, 0x41, 0x64, 0x64, 0x3b, 0x68, 0x6f, 0x6d,
  0x65, 0x67, 0x75, 0x61, 0x72, 0x64, 0x5f, 0x63, 0x6e, 0x6e, 0x5f, 0x31,
  0x2f, 0x63, 0x6f, 0x6e, 0x76, 0x33, 0x5f, 0x31, 0x2f, 0x63, 0x6f, 0x6e,
  0x76, 0x6f, 0x6c, 0x75, 0x74, 0x69, 0x6f, 0x6e, 0x3b, 0x68, 0x6f, 0x6d,
  0x65, 0x67, 0x75, 0x61, 0x72, 0x64, 0x5f, 0x63, 0x6e, 0x6e, 0x5f, 0x31,
  0x2f, 0x63, 0x6f, 0x6e, 0x76, 0x33, 0x5f, 0x31, 0x2f, 0x53, 0x71, 0x75,
  0x65, 0x65, 0x7a, 0x65, 0x00, 0x00, 0x00, 0x00, 0x01, 0x00, 0x00, 0x00,
  0x30, 0x00, 0x00, 0x00, 0xf2, 0xfe, 0xff, 0xff, 0x00, 0x00, 0x00, 0x01,
  0x14, 0x00, 0x00, 0x00, 0x4c, 0x00, 0x00, 0x00, 0x04, 0x00, 0x00, 0x00,
  0x00, 0x00, 0x00, 0x09, 0x64, 0x00, 0x00, 0x00, 0x4c, 0xfe, 0xff, 0xff,
  0x08, 0x00, 0x00, 0x00, 0x24, 0x00, 0x00, 0x00, 0x03, 0x00, 0x00, 0x00,
  0x00, 0x00, 0x00, 0x00, 0x00, 0x00, 0x00, 0x00, 0x00, 0x00, 0x00, 0x00,
  0x00, 0x00, 0x00, 0x00, 0x00, 0x00, 0x00, 0x00, 0x00, 0x00, 0x00, 0x00,
  0x00, 0x00, 0x00, 0x00, 0x03, 0x00, 0x00, 0x00, 0x7e, 0xe8, 0xa2, 0x3b,
  0x2f, 0x37, 0xbd, 0x3b, 0x92, 0xe6, 0xdf, 0x3b, 0x1d, 0x00, 0x00, 0x00,
  0x68, 0x6f, 0x6d, 0x65, 0x67, 0x75, 0x61, 0x72, 0x64, 0x5f, 0x63, 0x6e,
  0x6e, 0x5f, 0x31, 0x2f, 0x70, 0x72, 0x6f, 0x62, 0x5f, 0x31, 0x2f, 0x4d,
  0x61, 0x74, 0x4d, 0x75, 0x6c, 0x00, 0x00, 0x00, 0x02, 0x00, 0x00, 0x00,
  0x03, 0x00, 0x00, 0x00, 0x30, 0x00, 0x00, 0x00, 0x7a, 0xff, 0xff, 0xff,
  0x00, 0x00, 0x00, 0x01, 0x14, 0x00, 0x00, 0x00, 0x4c, 0x00, 0x00, 0x00,
  0x03, 0x00, 0x00, 0x00, 0x00, 0x00, 0x00, 0x02, 0x64, 0x00, 0x00, 0x00,
  0xd4, 0xfe, 0xff, 0xff, 0x08, 0x00, 0x00, 0x00, 0x24, 0x00, 0x00, 0x00,
  0x03, 0x00, 0x00, 0x00, 0x00, 0x00, 0x00, 0x00, 0x00, 0x00, 0x00, 0x00,
  0x00, 0x00, 0x00, 0x00, 0x00, 0x00, 0x00, 0x00, 0x00, 0x00, 0x00, 0x00,
  0x00, 0x00, 0x00, 0x00, 0x00, 0x00, 0x00, 0x00, 0x03, 0x00, 0x00, 0x00,
  0x85, 0x3a, 0x9d, 0x39, 0x6b, 0x9e, 0xb6, 0x39, 0x3c, 0x18, 0xd8, 0x39,
  0x1e, 0x00, 0x00, 0x00, 0x68, 0x6f, 0x6d, 0x65, 0x67, 0x75, 0x61, 0x72,
  0x64, 0x5f, 0x63, 0x6e, 0x6e, 0x5f, 0x31, 0x2f, 0x70, 0x72, 0x6f, 0x62,
  0x5f, 0x31, 0x2f, 0x42, 0x69, 0x61, 0x73, 0x41, 0x64, 0x64, 0x00, 0x00,
  0x01, 0x00, 0x00, 0x00, 0x03, 0x00, 0x00, 0x00, 0x00, 0x00, 0x16, 0x00,
  0x1c, 0x00, 0x18, 0x00, 0x17, 0x00, 0x10, 0x00, 0x0c, 0x00, 0x08, 0x00,
  0x00, 0x00, 0x00, 0x00, 0x00, 0x00, 0x07, 0x00, 0x16, 0x00, 0x00, 0x00,
  0x00, 0x00, 0x00, 0x01, 0x18, 0x00, 0x00, 0x00, 0x18, 0x00, 0x00, 0x00,
  0x02, 0x00, 0x00, 0x00, 0x00, 0x00, 0x00, 0x02, 0x40, 0x00, 0x00, 0x00,
  0x04, 0x00, 0x04, 0x00, 0x04, 0x00, 0x00, 0x00, 0x2c, 0x00, 0x00, 0x00,
  0x68, 0x6f, 0x6d, 0x65, 0x67, 0x75, 0x61, 0x72, 0x64, 0x5f, 0x63, 0x6e,
  0x6e, 0x5f, 0x31, 0x2f, 0x67, 0x61, 0x70, 0x5f, 0x31, 0x2f, 0x4d, 0x65,
  0x61, 0x6e, 0x2f, 0x72, 0x65, 0x64, 0x75, 0x63, 0x74, 0x69, 0x6f, 0x6e,
  0x5f, 0x69, 0x6e, 0x64, 0x69, 0x63, 0x65, 0x73, 0x00, 0x00, 0x00, 0x00,
  0x01, 0x00, 0x00, 0x00, 0x02, 0x00, 0x00, 0x00, 0x00, 0x00, 0x16, 0x00,
  0x20, 0x00, 0x1c, 0x00, 0x1b, 0x00, 0x14, 0x00, 0x10, 0x00, 0x0c, 0x00,
  0x00, 0x00, 0x00, 0x00, 0x08, 0x00, 0x07, 0x00, 0x16, 0x00, 0x00, 0x00,
  0x00, 0x00, 0x00, 0x01, 0x18, 0x00, 0x00, 0x00, 0x34, 0x00, 0x00, 0x00,
  0x54, 0x00, 0x00, 0x00, 0x01, 0x00, 0x00, 0x00, 0x00, 0x00, 0x00, 0x09,
  0x64, 0x00, 0x00, 0x00, 0x04, 0x00, 0x00, 0x00, 0xff, 0xff, 0xff, 0xff,
  0x20, 0x00, 0x00, 0x00, 0x28, 0x00, 0x00, 0x00, 0x01, 0x00, 0x00, 0x00,
  0x0c, 0x00, 0x0c, 0x00, 0x00, 0x00, 0x00, 0x00, 0x08, 0x00, 0x04, 0x00,
  0x0c, 0x00, 0x00, 0x00, 0x08, 0x00, 0x00, 0x00, 0x14, 0x00, 0x00, 0x00,
  0x01, 0x00, 0x00, 0x00, 0x07, 0x00, 0x00, 0x00, 0x00, 0x00, 0x00, 0x00,
  0x00, 0x00, 0x00, 0x00, 0x01, 0x00, 0x00, 0x00, 0x3b, 0x31, 0x89, 0x3d,
  0x16, 0x00, 0x00, 0x00, 0x73, 0x65, 0x72, 0x76, 0x69, 0x6e, 0x67, 0x5f,
  0x64, 0x65, 0x66, 0x61, 0x75, 0x6c, 0x74, 0x5f, 0x6d, 0x66, 0x63, 0x63,
  0x3a, 0x30, 0x00, 0x00, 0x04, 0x00, 0x00, 0x00, 0x01, 0x00, 0x00, 0x00,
  0x20, 0x00, 0x00, 0x00, 0x28, 0x00, 0x00, 0x00, 0x01, 0x00, 0x00, 0x00,
  0x05, 0x00, 0x00, 0x00, 0x60, 0x00, 0x00, 0x00, 0x40, 0x00, 0x00, 0x00,
  0x2c, 0x00, 0x00, 0x00, 0x18, 0x00, 0x00, 0x00, 0x04, 0x00, 0x00, 0x00,
  0xc0, 0xff, 0xff, 0xff, 0x19, 0x00, 0x00, 0x00, 0x02, 0x00, 0x00, 0x00,
  0x00, 0x00, 0x00, 0x19, 0xd0, 0xff, 0xff, 0xff, 0x09, 0x00, 0x00, 0x00,
  0x04, 0x00, 0x00, 0x00, 0x00, 0x00, 0x00, 0x09, 0xe0, 0xff, 0xff, 0xff,
  0x28, 0x00, 0x00, 0x00, 0x02, 0x00, 0x00, 0x00, 0x00, 0x00, 0x00, 0x28,
  0xf0, 0xff, 0xff, 0xff, 0x11, 0x00, 0x00, 0x00, 0x02, 0x00, 0x00, 0x00,
  0x00, 0x00, 0x00, 0x11, 0x0c, 0x00, 0x10, 0x00, 0x0f, 0x00, 0x00, 0x00,
  0x08, 0x00, 0x04, 0x00, 0x0c, 0x00, 0x00, 0x00, 0x03, 0x00, 0x00, 0x00,
  0x03, 0x00, 0x00, 0x00, 0x00, 0x00, 0x00, 0x03,
};
const unsigned int g_model_data_len = 19976;

#endif /* HG_MODEL_DATA_H */
